uid,raw_en
VM1_Welche Meinung haben Sie zum 9-Punkte-Plan? (190)_7,"The formulation ""shall"" or ""should"" appears far too frequently in the plan. That sounds vague again. For example, specific numbers should be stated, exactly when the security personnel and how many employees will be increased."
VM1_Welche Meinung haben Sie zum 9-Punkte-Plan? (190)_8,"One should not use the Bundeswehr for internal security, as has already been commented on here, it violates the Basic Law, and I mean that should be the task for the police"
VM1_Welche Meinung haben Sie zum 9-Punkte-Plan? (190)_9,"Hot air, like everything that comes from St. Angela Merkel. You can follow what reality in Europe looks like day by day. The Hamburg attacker, for example, could have been sent back to Norway. Where are the authorities or people who implement this? What a sad play!!"
VM1_Welche Meinung haben Sie zum 9-Punkte-Plan? (190)_10,If you want to do all of this? Then have fun.
VM1_Welche Meinung haben Sie zum 9-Punkte-Plan? (190)_11,"The Nine-Point Plan is as meaningful as any other generally imposed adoption, which nevertheless naturally appears appropriate and is thus to be valued as nothing extraordinary. More significant is to recognize the causes, whereby the IS consists of the population of Sudanese descent, who also in Ireland likewise tend towards religiously derived terror, because they, in their very strong emotional disposition, believe that the well-being experienced by them in this way must also be assumed by others, likewise through violence, which is of course an absolute delusion and is to be attributed solely to their own limitation. On the other hand, this clientele can also be instructed, insofar as one provides them with the coherent arguments and consistencies for this, because like all people, these are not fundamentally bad, but only lost in the sense of their genetic predisposition. This therefore includes, in the first place, prevention, here in Germany and Europe, that one recognizes corresponding hotspots and performs corresponding social work here, in any case it is to be prevented that these come into contact with the wrong persons. Abroad, this situation is of course far more complicated. In a certain way, Islam also bears a certain responsibility for this, although the IS in itself is certainly something of its own. Nevertheless, Islam should clearly demonstrate a rejection of violence. Furthermore, these persons are to be instructed with the corresponding arguments. Violent confrontations, on the other hand, will not have real success, because this person in themselves is not ready to give up and then rather acts in the background. Therefore, the masterminds enjoy particular attention. Targeted ""pressure"" should be exerted on them; in itself, Islam would also be the most suitable contact person here. One can only ""beat"" this group of persons with arguments, with armed force hardly at all. Everything will be very exhausting. Nevertheless, only few masterminds are causing this here; the more one condemns these and points out their delusion, the more the house of cards crumbles in itself. Everything else can only be an accessory."
VM1_Welche Meinung haben Sie zum 9-Punkte-Plan? (190)_12,"Some points make sense and have long been overdue, while others have not worked at all so far."
VM1_Welche Meinung haben Sie zum 9-Punkte-Plan? (190)_13,"In theory, all of this sounds quite reasonable, but the plan was presented 13 months ago... Which projects have been put into practice so far? We are bound by the dictates of our rule of law, and unfortunately I do not see how one could prevent certain ""misguided"" individuals from exploiting this. It is also not that long ago in our culture that religious goals were enforced with brutal violence. Education might perhaps be an antidote, but that cannot be achieved in a short time. Until then, I believe one can only try to prevent as many attacks as possible in advance through prevention."
VM1_Welche Meinung haben Sie zum 9-Punkte-Plan? (190)_14,"In principle, the plan is a good start, but I alone lack faith in its concrete and swift implementation."
VM1_Welche Meinung haben Sie zum 9-Punkte-Plan? (190)_15,"That is our problem. ""Fast"" is out of the question. Too many institutions are involved for that. But one can still start!"
VM1_Welche Meinung haben Sie zum 9-Punkte-Plan? (190)_16,"It reads quite well, but overall it is far too vague. It shows once again that staff reductions at the police and authorities lead to problems in the long term. What about the flawless verification of personal details upon the entry of refugees, and does the ban on online weapon purchases also include the dark net?"
VM1_Welche Meinung haben Sie zum 9-Punkte-Plan? (190)_17,"I largely agree with birdie's opinion, however I do not consider Mr. Seehofer to be a blabbermouth. Especially what he said about the foreigners flooding into Germany, almost all of it has come to pass. And precisely here I would like to see the 9-point plan supplemented: In the screening of entrants. I would also like to see travelers who wish to depart for critical countries, such as Syria, Afghanistan, etc., to be scrutinized more thoroughly at the international level."
VM1_Welche Meinung haben Sie zum 9-Punkte-Plan? (190)_18,Ineffective blabber
VM1_Welche Meinung haben Sie zum 9-Punkte-Plan? (190)_19,I agree with the 9-point plan in all areas. But I also say why not stop with the asylum admissions. We are not an immigration country. Why not end with the admissions. That saves a lot of costs and trouble.
VM1_Welche Meinung haben Sie zum 9-Punkte-Plan? (190)_20,It's heading in the right direction - but the plan alone isn't enough. How much of this is election campaign noise?
VM1_Welche Meinung haben Sie zum 9-Punkte-Plan? (190)_21,"In principle not bad, but more concrete explanations regarding implementation should follow"
VM1_Welche Meinung haben Sie zum 9-Punkte-Plan? (190)_22,"First of all, each of these points is to be evaluated positively, because everything that contributes to counter-terrorism is good. Then one has to look at the individual points more closely and question them. Regarding point 2, one asks oneself why so many positions at the police were cut in the first place. And point 7 doesn't go far enough for me either. The arms trade outside of the internet should also be regulated and controlled much more. I would also deport asylum seekers who do not abide by our laws. Whoever commits a crime has, in my eyes, forfeited their right to asylum."
VM1_Welche Meinung haben Sie zum 9-Punkte-Plan? (190)_23,"[quote=""system, post:1, topic:15""] Federal Armed Forces deployments [/quote] I am in favor of Federal Armed Forces deployments to support the police. Due to the years-long cutting of police personnel, the police are completely overwhelmed by the current threat."
VM1_Welche Meinung haben Sie zum 9-Punkte-Plan? (190)_24,"It's all just big talk, in the end nothing is done"
VM1_Welche Meinung haben Sie zum 9-Punkte-Plan? (190)_25,"The Bundeswehr has no business being deployed domestically, who decides when terrorist attacks are ""large""? Otherwise, the plan reads quite well, the points make sense. But in itself, these should all be measures that are already being implemented or could have been implemented. In many cases, this does not require a long planning phase but simply the corresponding instruction to subordinate authorities."
VM1_Welche Meinung haben Sie zum 9-Punkte-Plan? (190)_26,Absolutely better cooperation among international intelligence services and better communication among domestic government agencies
VM1_Welche Meinung haben Sie zum 9-Punkte-Plan? (190)_27,"I do not see anything new or concrete in the plan so far, only that the capacity for resources and material is to be increased everywhere. But more capacity does not necessarily mean more efficient work. Point 4. I consider it nonsensical to include the Bundeswehr as additional support, unless a special team is formed and this team is prepared for exactly such operations, or the personnel should be checked for suitability for this task. So for me, nothing new is listed in this ""plan"" and it will probably all remain as it is."
VM1_Welche Meinung haben Sie zum 9-Punkte-Plan? (190)_28,"That is a plan from the year 2016. Everything was plausible. But what are the results so far, i.e., up to summer 2017? What do the security authorities say internally?"
VM1_Welche Meinung haben Sie zum 9-Punkte-Plan? (190)_29,"Unfortunately, I see it that way too... As soon as the election campaign is over and the pressure is off, hardly anyone will care about it anymore."
VM1_Welche Meinung haben Sie zum 9-Punkte-Plan? (190)_30,"No, this is an important topic, and will be present due to new attacks that will take place somewhere in Europe, or also unfortunately in Germany. But it is already strange that such an investigation is taking place now. Chancellor Merkel is not herself responsible for this ministry but Th. de Maiziere."
VM1_Welche Meinung haben Sie zum 9-Punkte-Plan? (190)_31,"The points themselves are nice and good, but what about the people who are not refugees? It should also be clarified how people radicalize and then become terrorists. Preventive measures must then be taken against this, and early on in schools, mosques, and in social hotspots. But there is saving, what the hell holds, because it is not considered necessary. What is a person supposed to do with themselves who, in their opinion, has no perspective? He will probably turn to where he is ""wanted,"" that is how the organizations of terror work. We would also urgently need the stricter enforcement of existing laws, especially against violent offenders. What use are suspended sentences, what is supposed to deter about that? Stricter action must also be taken against these ""large family clans,"" tolerated persons, etc., the police diligently collects evidence and arrests the perpetrators and judges let the perpetrators go. Why can, for example, Tunisia prescribe to Germany that they take back a handful of Tunisians per week, who are clearly Tunisian citizens, why does Tunisia receive aid funds and prescribes to the German government how a repatriation is to be carried out? Shouldn't it be the other way around? Otherwise cut aid funds and issue travel warnings for the popular travel destinations! Generally, there is also a lack of respect for the democratic, Western society. But that is the beautiful thing about our democracy, no one is forced to stay here, where it apparently does not suit them. If these people want to change our democracy so much that one is not allowed to freely express one's opinion, as a woman only allowed to do what the man of the family prescribes... then these people are definitely wrong here in a democracy. Why do school canteens, for example, change their meal plan so that there is no more pork, because Muslims are disturbed by it, then I find it, honestly, exaggerated. Why must I think about it, being German and a democrat, whether someone might feel disturbed that I want to eat a pork schnitzel in a German canteen? **Live and let live, seems to be a foreign word for many, even in the year 2017**. The faith is used as a pretext, because some do not want to shed their medieval thinking! So now back to the 9-point plan: these are all just beginnings, which must first be brought into line with data protection and the Basic Law, the Bundeswehr must not be deployed for terror defense domestically, one has learned from the NS era and wanted to prevent that. We also must not let ourselves be restricted, I want to go out and also see police presence, to feel somewhat safe. I also want the terror to have no chance here, for that I am also ready to loosen data protection. But please don't only think about terror defense, but also about prevention!"
VM1_Welche Meinung haben Sie zum 9-Punkte-Plan? (190)_32,"A repatriation of refugees must be intensified. On this point, I am in line with Mrs. Merkel. It cannot be that the admitted refugees also allow their relatives to follow them to Germany. With 250,000 asylum seekers, another approx. 500,000 or 1 million will come on top. Germany cannot withstand that."
VM1_Welche Meinung haben Sie zum 9-Punkte-Plan? (190)_33,"These nine points should first be the absolute minimum of measures that must be implemented urgently. If it then turns out that this is still not sufficient, one must think about further points or further tightening of the existing points. As a general rule, the welfare of the public should take precedence over the welfare of an individual, and therefore discussions such as an excessive interference with privacy in the matter of counter-terrorism or its prevention/avoidance are completely out of place."
VM1_Welche Meinung haben Sie zum 9-Punkte-Plan? (190)_34,"Spontaneously – without now going into the individual contents – one word remains clearly in my little head: ""as soon as possible"". It appears in almost all points. Already I lose my patience and tend to overlook the contents, because I consider them equally imprecise, non-binding. They are, moreover. Everything is wobbly. I expect from a plan that the (legal) implementation of the individual points is previously! clearly clarified. No wishful dreams – realistically implementable things. If there are obstacles, I expect that this information is provided, so that it is understandable that the implementation of this plan is completely uncertain. These are my first – superficial – remarks on the overall topic ..."
VM1_Welche Meinung haben Sie zum 9-Punkte-Plan? (190)_35,"Hello everyone, I am of the opinion, what use is the plan or the 9 points if they are not implemented in the end anyway. Some want the deployment of soldiers, others don't. I would first properly equip and train the soldiers before I send them into such a deployment, because planning from the green desk is good, but what does it look like at the front?? Preventing online purchases, I can only laugh at that, how many weapons are sold abroad under the eyes of our government, e.g. to Turkey, and no one controls what happens to them there. Now they even want to build a tank factory in Turkey, so bringing the weapons even closer!!?? More deportations?? Who is going to do it?? Here in Rhineland-Palatinate it is always said, we don't send anyone into the cold!! And until we deport someone, they first get sick, then some clever lawyer goes to court at taxpayer expense, even though he knows exactly that it is useless, but whatever, he gets his money. And when you then try to pick the gentlemen up in the morning, they can no longer be found, but they continue to receive social welfare in another federal state. 16 federal states, 16 different practices, no one knows what's what and no one does anything."
VM1_Welche Meinung haben Sie zum 9-Punkte-Plan? (190)_36,"Overdue, yes, but who has enough balls in their pants to actually do it?? The Greens immediately scream ""not with me."" The Lefts, who have so much dirt from the past on their hands, ""not with us,"" and so it goes on like a red line. Incompetent, I just say, all those sitting up there in Berlin."
VM1_Welche Meinung haben Sie zum 9-Punkte-Plan? (190)_37,That can be changed.
VM1_Welche Meinung haben Sie zum 9-Punkte-Plan? (190)_38,"Hello Franzi, that's exactly how it is, especially before the elections sooo much is promised that the beams bend. And what gets done? Nixx."
VM1_Welche Meinung haben Sie zum 9-Punkte-Plan? (190)_39,We achieve that because we have already achieved soooo much .:-(( Yes what do we do with the soo many Good People who then have no more task ??
VM1_Welche Meinung haben Sie zum 9-Punkte-Plan? (190)_40,"That's exactly how it is. But as long as our politicians have their own watchdog or even 3, they don't give a damn what happens to the average consumer. He should keep his mouth shut, go to work, and pay taxes."
VM1_Welche Meinung haben Sie zum 9-Punkte-Plan? (190)_41,"What has Merkel promised us all?? And what has remained of it? Nothing. How can you let so many people enter a country UNCONTROLLED??? I am still of the opinion today that Merkel thinks she is the woman of EUROPE. And how much she would have loved to receive the Nobel Peace Prize because she is sooo helpful. That there can be problems, everyone has seen that coming from Merkel."
VM1_Welche Meinung haben Sie zum 9-Punkte-Plan? (190)_42,"Sounds good but as already written above, Mr. Schäuble has drastically cut police personnel costs in recent years. This must be completely reconsidered, including whether he is still the right person for the position. He lives in another time. They are laughing at us. Outdated computers, known show, where the police and Bundeswehr are already outperformed by our teenagers. Massive investment and training are needed here. As long as every intelligence agency only pursues its own interests, cooperation here will rather be exciting. I see this critically. We are simply too bureaucratic. By the time we have even roughly met these points, the next federal election is already upon us. Dynamism must be injected. Deportation processes drag on endlessly. Dynamism and decisiveness must be injected here as well. The police officers have to let themselves be spat on and scratched up on the return flights, we must also stand behind our people, because who would want to do this job anyway???? Overall, the plan sounds right and good, now it is about quick implementation without endless debates."
VM1_Welche Meinung haben Sie zum 9-Punkte-Plan? (190)_43,"Of course it was naive to assume that we would actually check the entering refugees (can/could) – that is certainly still the case. We should simplify and just imagine it like the introduction of a new computer program in a company … – who in fact can handle it, who shows an interest in learning it, and who just muddles through so as not to stand out. The product is accordingly, and here too, ultimately nothing else comes out than what was previously invested in the individual employees. The result of the checks at entry should therefore not surprise us at all, nor should we believe that a data matching across Europe will really help us further. Everywhere there are people sitting who interpret the input form themselves … Nevertheless, I consider this to be extremely important – a little is clearly more than nothing at all. But we must and can by no means rely on the results. Strictly speaking, I would check all refugees (i.e. all those who entered from xy onwards) once more. It must be possible to find a viable solution for this that complies with all laws – if necessary, corresponding laws must be created – in a timely manner. Not as quickly as possible, but immediately. Expensive developers would have to be hired and people employed who comprehensively teach the basics of data entry etc. . We do not encounter problems – we are constantly running behind, stuffing a hole with a makeshift solution and then we have overlooked the other one. This annoys me immensely, although I understand that some things are simply unpredictable and others are simply unsolvable. Wanting to prevent online weapon purchases is a – I will say – “cute” claim. And yes, ultimately one should/must try everything. Truly preventing is certainly frighteningly little. Those who need weapons will get them. Recent history has also taught us, after all, that ultimately everything can be a weapon. For me in the overall point plan therefore a subordinate point, one should do it, but it does not really rush."
VM1_Welche Meinung haben Sie zum 9-Punkte-Plan? (190)_44,"A lot is talked about and not acted upon. You can see it when something has happened, oh, they were already known to us. A lot could have been prevented if people would act more and talk less. And on the topic of deportation, well, here many criminals are just stroked over the head and then let go again."
VM1_Welche Meinung haben Sie zum 9-Punkte-Plan? (190)_45,"I find the 9-point plan excellent, if it were to be enforced. You can't go by every single one, but I believe the majority are of the same opinion"
VM1_Welche Meinung haben Sie zum 9-Punkte-Plan? (190)_46,less shit into the country
VM1_Welche Meinung haben Sie zum 9-Punkte-Plan? (190)_47,"Sounds great as always, but we've known for a long time that we need such a plan, now it's here and will be implemented as such. Preventing online arms trade is impossible. More deportations really doesn't solve the problem, the right ones need to be deported I know point 1. everything honorable but feasible I don't know. but with point 1 it starts."
VM1_Welche Meinung haben Sie zum 9-Punkte-Plan? (190)_48,exactly my opinion
VM1_Welche Meinung haben Sie zum 9-Punkte-Plan? (190)_49,"Strongly reminds me of Ilse Aigner's 10-point plan as Minister of Agriculture and Consumer Protection. All crap. This is how causes are not eliminated!! We must finally stop participating in the wars of the USA for tactical or coalition-motivated reasons. The madness started with 9/11 and then merrily continued in the Iraq war. Here the terrorists were bred that we have today. Take away the people's hope and they will eventually radicalize. Our interior ministers shamelessly exploit this to build a police state out of Germany and to curtail the fundamental rights of citizens. The latest data protection scandal around G20 / BKA has shown that our services are simply too stupid and too corrupt (criminal) for this country. Yes, I am for more police officers and for more lawyers - but I wonder which government and federal states cut them before, to save costs and to rescue banks that were not strictly regulated enough before and still, under the supervision of the state, diligently lead the latter up the creek (CUM-CUM / CUM-EX transactions). Create more justice in this country, then there will also be less worry about terror. - A little less USA / NATO and less weapons would do Germany very well - and the world."
VM1_Welche Meinung haben Sie zum 9-Punkte-Plan? (190)_50,"Do you mean the slurry import from the Netherlands, which then poisons our soils here?? Yes, I am against that too. It should be legally banned and the perpetrators (large-scale farmers) should be held liable for it. - Besides, I am in favor of more money for education - above all political education."
VM1_Welche Meinung haben Sie zum 9-Punkte-Plan? (190)_51,"The refugee issue would be significantly eased by an official immigration law. - Unofficially, we have been an immigration country for decades - officially, however, one does not want to impose this on traditionally thinking people"
VM1_Welche Meinung haben Sie zum 9-Punkte-Plan? (190)_52,"What does justice here have to do with terror? If Islam commands these deranged people to commit crimes in the name of their God, then we can be fair to each other as much as we want. We are unworthy to the terrorists according to their faith, what can that do against terror?"
VM1_Welche Meinung haben Sie zum 9-Punkte-Plan? (190)_53,"If we didn't bring so much terror into the country, we wouldn't have to be so afraid...."
VM1_Welche Meinung haben Sie zum 9-Punkte-Plan? (190)_54,"Ghettoization and social exclusion - not creating educational and employment opportunities lays the foundation for people to radicalize. If all that remains for people is their religion, because everything else has already been taken from them, because their relatives were slaughtered in senseless wars, they easily become victims of murderous organizations. Cause and effect. The madness deliberately started after 9/11, when the USA declared war on terror states and their allies, ignoring that most of the attackers came from Saudi Arabia. Strangely, this country was not attacked, and S-A remains one of the most important allies in the Middle East, especially because they are declared enemies of Iran. So one has to dig a little deeper into where terrorism comes from in this world and really strive to combat the causes, and not just (typical Merkel) talk about it. With our and European trade policy, we plunder Africa. We export cheap meat and thereby destroy regional markets. The same applies to textiles. In return, we legally fish their fish away from their coasts and ""gift"" them our electronic waste. - Whoever has no perspective will set off on the way to Europe/Germany. Whoever has been politically instrumentalized may, full of hate, want to take revenge on the West."
VM1_Welche Meinung haben Sie zum 9-Punkte-Plan? (190)_55,"Everything is better than doing nothing and showing no reaction. I especially like the strengthening of the police through more personnel. Also, the networking of files in Europe is long overdue."
VM1_Welche Meinung haben Sie zum 9-Punkte-Plan? (190)_56,"So I also find that the Bundeswehr would violate the law domestically - that the police needs better equipment is definitely clear! - those who abuse our asylum law should be deported immediately, so that others who need it are helped sooner"
VM1_Welche Meinung haben Sie zum 9-Punkte-Plan? (190)_57,"The Bundeswehr domestically is unconstitutional, more surveillance too. It is a mixture of the useless, the unlawful, and the misidentifying of causes."
VM1_Welche Meinung haben Sie zum 9-Punkte-Plan? (190)_58,"Very well put to the point - and what about those who are terrorists, with God's will, do you think it really lies with America and its wars. Education is the keyword in the countries where the terror comes from. So I am not stupid but the topic is getting tiring too many variables so many opinions, how deep to dig, I believe it is not just me who feels this way."
VM1_Welche Meinung haben Sie zum 9-Punkte-Plan? (190)_59,"Not a bad idea - but mostly self-evident things from my point of view. Terrorism is a threat that must be countered with suitable means. Of course, there is no recipe for creating 100% security, but through the measures mentioned, one can certainly reduce the risk, especially of larger attacks by multiple persons."
VM1_Welche Meinung haben Sie zum 9-Punkte-Plan? (190)_60,Gun purchases should not only be restricted online!! It is still too easy to obtain weapons.
VM1_Welche Meinung haben Sie zum 9-Punkte-Plan? (190)_61,"These are already good approaches, but they should be further developed or, if necessary, modified. But the Bundeswehr domestically? Wouldn't the Basic Law have to be amended, as already mentioned?"
VM1_Welche Meinung haben Sie zum 9-Punkte-Plan? (190)_62,"YES; doing something is already something, but if you only suggest and think about it, that is not enough against terrorist attacks, you must of course control all the people who come to Germany well, and if everyone already knew that some people are terrorists or can commit terror, of course you must immediately send those people away where they must be, and not wait for documents, then it is already too late."
VM1_Welche Meinung haben Sie zum 9-Punkte-Plan? (190)_63,It's a start. We'll have to wait and see how it works in practice.
VM1_Welche Meinung haben Sie zum 9-Punkte-Plan? (190)_64,"In terms of approach, correct. I also consider the integration of the Bundeswehr to be sensible. Definitely better than the overseas deployments for which apparently neither training nor equipment is sufficient. One must strongly advise against military rearmament. If we are already spending so much money on the Bundeswehr, then it is better invested in intensive cooperation with the police authorities. Why do we always need 2 structures for everything (here police - there BW)? Of course, a nationwide networking is very important (why do we actually need 16 federal states?) and an international one (EU). Deportation without ifs and buts (naturally only those who do not have a residence status). Countries that no longer want to take back their compatriots must be forced to do so diplomatically/economically."
VM1_Welche Meinung haben Sie zum 9-Punkte-Plan? (190)_65,"I agree wholeheartedly, I could not have expressed and wanted to express myself better on the issue."
VM1_Welche Meinung haben Sie zum 9-Punkte-Plan? (190)_66,"If we now take all refugees/immigrants as a general term and not sorted into little groups (with and without entitlement and if yes/no which …etc..) – so all from time point “x” onwards and call them in again, so that they get a new registration number linked to a fingerprint, we would certainly not only track down potential terrorists. It could therefore well be worthwhile … “Who the hell knows”, whether my following suggestion does not violate human dignity, quite possible. Nevertheless: I would only pay out any benefit if the fingerprint says “Yes” to it. And I also see no reason why this could not be possible anyway for every public service - of any kind … There probably wouldn’t be double fingerprints then. I am quite in favor of all people receiving help. But the system must also be allowed to protect itself against abuse and is conversely ultimately accountable to those who pay for it. Ok, all pipe dreams. I value integration highly – but also information. But which of the refugees is really informed about which culture they are supposed to integrate into. Is it really the free decision of those who have landed here? I claim, if there were an obligation to know our basic rights, to internalize them and to acknowledge them as the supreme commandment, to live them – that most would not want to stay here at all, but are without alternatives and are already here once. (No, the argument does not apply here that many Germans also cannot really do that – they simply and astonishingly have always lived most of it, without having read it). It is about clearly different life attitudes, different values and goals. It is therefore quite understandable that people born here want to stick to their “routine” and only occasionally – of their own free will – sniff around the world. As a woman, I certainly see it a little more frightening and see the minimal successes of equality in the coming decades clearly in danger. No, I even fear a clear devolution. A quota for women – already we are at the next problem – well-educated women, is of no use. The next generations will not produce so many educated women (I fear). “In my time” education for all was still graspable, experiential. Well, there are already parties here again who can actually catch votes with “Women back to the stove” …;-)). ---------- ----------"
VM1_Welche Meinung haben Sie zum 9-Punkte-Plan? (190)_67,"A lot is certainly difficult to implement, but somewhere you have to start first in order to improve safety again. Therefore, I basically find the plan quite good."
VM1_Welche Meinung haben Sie zum 9-Punkte-Plan? (190)_68,"Regarding the early warning system: I have been wondering for a very long time. We manage to fly to the moon, but taking fingerprints from people who want to enter our country without ID documents/seek protection and evaluating these in a central file is not possible? How are supposed to be recognized dangerous individuals if the system is too slow and too bureaucratic? The idea to set up an early warning system is good, but it will fail due to the sluggish authorities. More personnel: it was not very long ago that the mounted patrol in Wuppertal was abolished, as well as several other patrols. This caused a lot of suffering, tears, and incomprehension. And just a few years later, new patrols are established. Our police is pushing overtime so much that it makes one sick. Not only the police must be strengthened, but also the judicial apparatus. To have a feeling of security in the country, the citizen must be sure that not only the bombers, but also the small burglars and thieves are caught and! convicted 3.: Gladly. Since so many people send their data through the net, use Payback or other cards and, and, and.. I believe that the data that is supposed to be collected is already long collected. 4.: The Bundeswehr is financed by the taxpayers. Why should it not protect our internal security? So police and Bundeswehr can practice together. 5.: yes 6.: It would be good if the files within Germany were networked. Maybe work on that first.... 7. As quickly as possible 8.: Is it not already? 9.: We are a rich country and we are doing very well. That we have many refugees and/or asylum seekers here has not restricted my way of life. But as soon as a person who enjoys the hospitality here becomes criminally liable (I do not mean! the incorrect filling out of a form), he has forfeited his guest right and should be deported. My conclusion: The individual points are nicely set up, but unfortunately I do not see a good foundation. How could an Amir lead the authorities by the nose for so long? Why do applications sometimes take years? To feel an internal security, the paths must be short and transparent in my opinion. Police and justice must be strengthened from the ground up. Whether more deportations will pull everything out""? I do not know. But if the existing systems were strong, then one could build on that. Otherwise, the 9-point plan is just an empty shell."
VM1_Welche Meinung haben Sie zum 9-Punkte-Plan? (190)_69,"Hello holzwurmpaul! I completely agree with you, with your statement that everyone in Berlin is incompetent! Elections are coming soon.....of course big promises will be made there, which will not be kept after the election! What do you call that again so nicely: swindlers, smugglers, charlatans. So far it has worked. I have never given Merkel my vote and she will never receive it."
VM1_Welche Meinung haben Sie zum 9-Punkte-Plan? (190)_70,"May I hug you once ....., so here ... I simply cannot imagine that this world can ever be pacified again. When I was young, we feared a worldwide famine in the 90s etc. (besides the atomic issue), went out into the street with wide-open eyes and truly thought we could get something moving. Along with age came the realization that we have everything here, keep getting rounder and rounder, and it no longer bothers anyone whether - as is happening again right now in Yemen - a child dies of malnutrition every 10 minutes. Africa is still very far away, after all. Or am I hearing something great in the news? I hear Houston ... - Most of us use the results of Africa's mineral resources, the diligent hands of children for this and that, and of course it is also irrelevant to us how the ""things"" animals live ... No one will really give up even the smallest prosperity. A bitter realization. How are we supposed to come to a peaceful coexistence? Over which raw material will we really fight, struggle, in the near future? Today's problems of the refugees will seem to the generations living then like ""our problems"" back then ... - One more evil realization."
VM1_Welche Meinung haben Sie zum 9-Punkte-Plan? (190)_71,"Election campaign mode!!1 These are all points that have been demanded by the population and some politicians for months, but have never been implemented. Now we are in election campaign mode and have to act.... These measures are simply overdue!"
VM1_Welche Meinung haben Sie zum 9-Punkte-Plan? (190)_72,"Yes, the topic is complex. But it is a fact that before 9/11 a handful of terrorists, without far-reaching significance, wreaked havoc regionally. The Pandora's box was opened by Bush or rather he was talked into opening it by his warmongering Neocons. Yes, of course there will also be radicalized fanatics in Germany who are ready to sacrifice their own and other people's lives in their religious delusion. At that point, however, it is our intelligence services and these abysmally incompetent interior ministers that scare me more. If one reflects on 2015, one notices that our authorities are still practicing cuneiform on clay tablets. No uniform structures, no uniform definition of master data, e.g. persons of interest, no networked IT systems, competing authorities. As a result, then the NSU and Anis Amri. And hardliners like TdM and Hermann and the other interior ministry lackeys, who urgently wish for a police state."
VM1_Welche Meinung haben Sie zum 9-Punkte-Plan? (190)_73,"The 9-point plan sounds good on paper. But does Merkel actually want to realize it?! I would like to doubt that. Even if you observe this woman in debates, she can talk her way out of everything brilliantly and thinks everything will be fine! For whom? Not for the people. In her eyes, however, doubt and uncertainty about her own words can be seen! How many laws has this woman already violated?! For me, this person, who was with the Stasi during the times of the GDR, is not credible and unbearable for the ""GERMAN PEOPLE"". But I fear she will remain Chancellor! For that, as the media report, there are unfortunately still enough people who trust her. If I am betrayed a hundred times, I no longer trust."
VM1_Welche Meinung haben Sie zum 9-Punkte-Plan? (190)_74,This is probably not the first or the last Basic Law that Merkel violates!
VM1_Welche Meinung haben Sie zum 9-Punkte-Plan? (190)_75,"Hello Gina, you speak to my heart. Until now, there was always money for everything, just not for the own population. Deportation processes, that is also again such a SENSITIVE topic, take a look at the trio and the previous Green Minister who was in charge of immigration, what did she say (We don't send anyone into the cold) and thus the topic was done for her, but thank God she took her hat and left. And the successor is no better, a loser before the Lord, and the Interior Minister of Rhineland-Palatinate is also such an unnecessary growth that is only good for wasting money. But when it comes to ensuring internal security, hey, we would rather go to an opening party and inaugurate a bridge, there you can't do anything wrong."
VM1_Welche Meinung haben Sie zum 9-Punkte-Plan? (190)_76,"That is just Merkel being so indifferent to whatever or whoever she violates, as long as she can shine on the world stage. Did the GDR even have anything like basic laws? It was just like that: whoever could betray the most fellow residents was allowed to study."
VM1_Welche Meinung haben Sie zum 9-Punkte-Plan? (190)_77,"If one had put a stop to the arms industry in the past, I am of the opinion that many a problem would not exist. But here in Germany, the industry rules and it says where it’s going, that’s how it was with Gabriel when he was still Interior Minister, it didn’t interest him a wet fart where or what kind of weapons go where. Because if one had tried to prevent that, the arms lobby would have immediately SCREAMED THAT JOBS ARE GOING TO RUIN AGAIN, that can’t be!? Just like with the minimum wage, it wasn’t even decided yet, the industry was already wailing. As the ex from the East says (I live well, gladly in Germany). But ask the lights in the federal or state parliament what a pound of butter costs!!"
VM1_Welche Meinung haben Sie zum 9-Punkte-Plan? (190)_78,"Just look at Merkel when a certain debate is supposed to be discussed in the Bundestag, what does this woman do there, she stands up and leaves, you can immediately recognize from that what kind of character this person has, not even worth 5 Pfennig. She ignores everything that doesn't suit her and there she always still does what her predecessor did (SITTING OUT) maybe the other one dies and then the topic has taken care of itself. The more I write about this woman the more disgusted I am with her and the others like e.g. Schäuble. But nothing will change no matter what we write here. And the best for the end I saw a report this week in the first [channel] about Russian Germans, what did they say there (Kohl brought us over and took care of us and that's why we voted CDU). And as long as that is the case, nothing will change. Poor, poor Germany."
VM1_Welche Meinung haben Sie zum 9-Punkte-Plan? (190)_79,"You are completely right in everything and I agree with you unprejudiced! We do not have a democracy. It has been building up in me for a long time that there are still people who vote for her despite everything. I do not know a single person who votes for Merkel or would do so. Also in the social media, more and more people are frustrated with Merkel's politics and would most like to ........ Are our elections actually real, or just fake?! Basically, we only have the choice between pest and cholera! If we even have the choice. It cannot be comprehended for the ordinary citizen anyway!"
VM1_Welche Meinung haben Sie zum 9-Punkte-Plan? (190)_80,"That's true... because the Germans can't get their asses off the couch. Following the motto: We can't change anything anyway. In other countries, people take to the streets to demonstrate when something doesn't suit them. Mutti has violated so many laws that this person normally shouldn't even be in office anymore."
VM1_Welche Meinung haben Sie zum 9-Punkte-Plan? (190)_81,"On the early warning system: That seems reasonable to me. But terrorists don't only come to Germany as refugees. The early warning system should also capture other radicalized people. On the police: No question that this must absolutely be the case, we already have too few police officers. We need them, among other things, for counter-terrorism. On network communication: Yes, you can do that, but it doesn't seem that urgent to me. On the Bundeswehr: I think that's good. Since we have too little police anyway, the Bundeswehr can certainly also operate domestically to ensure security, even if it violates the law. On research: I think that's fine, but I don't believe it will bring great success, as it neither solves the problem nor combats the causes of the problem. On data flow: This networking must absolutely be there, and not just because of terrorism. On weapon purchase: One should absolutely not be able to buy weapons on the internet. The identity of the buyer is simply too easy to change. One could obtain weapons under a false name and also use them. On cooperation: What do intelligence services have to do with the communication behavior of the perpetrators? On deportations: If a refugee has no prospects of obtaining a residence permit in Germany, then he should be deported as quickly as possible. Refugees who have become criminal or have radicalized themselves should also be expelled from Germany without the possibility of return."
