uid,pers_exp,emot_exp,pol_opin,breadth,valence,contr
VM1_Welche Meinung haben Sie zum 9-Punkte-Plan? (190)_7,0,0,0,0,2,0
VM1_Welche Meinung haben Sie zum 9-Punkte-Plan? (190)_8,0,0,0,2,2,0
VM1_Welche Meinung haben Sie zum 9-Punkte-Plan? (190)_9,0,1,1,2,2,1
VM1_Welche Meinung haben Sie zum 9-Punkte-Plan? (190)_10,0,0,0,0,2,0
VM1_Welche Meinung haben Sie zum 9-Punkte-Plan? (190)_11,0,0,1,3,2,1
VM1_Welche Meinung haben Sie zum 9-Punkte-Plan? (190)_12,0,0,0,0,3,0
VM1_Welche Meinung haben Sie zum 9-Punkte-Plan? (190)_13,0,0,0,3,3,0
VM1_Welche Meinung haben Sie zum 9-Punkte-Plan? (190)_14,0,0,0,0,3,0
VM1_Welche Meinung haben Sie zum 9-Punkte-Plan? (190)_15,0,0,0,0,3,0
VM1_Welche Meinung haben Sie zum 9-Punkte-Plan? (190)_16,0,0,1,2,3,0
VM1_Welche Meinung haben Sie zum 9-Punkte-Plan? (190)_17,0,0,1,2,3,1
VM1_Welche Meinung haben Sie zum 9-Punkte-Plan? (190)_18,0,0,0,0,2,0
VM1_Welche Meinung haben Sie zum 9-Punkte-Plan? (190)_19,0,0,1,2,3,1
VM1_Welche Meinung haben Sie zum 9-Punkte-Plan? (190)_20,0,0,0,0,3,0
VM1_Welche Meinung haben Sie zum 9-Punkte-Plan? (190)_21,0,0,0,0,3,0
VM1_Welche Meinung haben Sie zum 9-Punkte-Plan? (190)_22,0,0,1,3,3,1
VM1_Welche Meinung haben Sie zum 9-Punkte-Plan? (190)_23,0,0,0,1,1,0
VM1_Welche Meinung haben Sie zum 9-Punkte-Plan? (190)_24,0,0,1,1,2,1
VM1_Welche Meinung haben Sie zum 9-Punkte-Plan? (190)_25,0,0,1,2,3,0
VM1_Welche Meinung haben Sie zum 9-Punkte-Plan? (190)_26,0,0,0,2,4,0
VM1_Welche Meinung haben Sie zum 9-Punkte-Plan? (190)_27,0,0,0,1,2,0
VM1_Welche Meinung haben Sie zum 9-Punkte-Plan? (190)_28,0,0,0,0,4,0
VM1_Welche Meinung haben Sie zum 9-Punkte-Plan? (190)_29,0,0,1,1,2,0
VM1_Welche Meinung haben Sie zum 9-Punkte-Plan? (190)_30,0,0,1,2,3,0
VM1_Welche Meinung haben Sie zum 9-Punkte-Plan? (190)_31,0,1,1,3,3,1
VM1_Welche Meinung haben Sie zum 9-Punkte-Plan? (190)_32,0,0,1,1,2,1
VM1_Welche Meinung haben Sie zum 9-Punkte-Plan? (190)_33,0,0,0,2,1,0
VM1_Welche Meinung haben Sie zum 9-Punkte-Plan? (190)_34,0,0,0,0,2,0
VM1_Welche Meinung haben Sie zum 9-Punkte-Plan? (190)_35,0,1,1,3,2,1
VM1_Welche Meinung haben Sie zum 9-Punkte-Plan? (190)_36,0,1,1,1,2,1
VM1_Welche Meinung haben Sie zum 9-Punkte-Plan? (190)_37,0,0,0,0,4,0
VM1_Welche Meinung haben Sie zum 9-Punkte-Plan? (190)_38,0,0,1,1,2,0
VM1_Welche Meinung haben Sie zum 9-Punkte-Plan? (190)_39,0,1,1,2,2,1
VM1_Welche Meinung haben Sie zum 9-Punkte-Plan? (190)_40,0,1,1,1,2,1
VM1_Welche Meinung haben Sie zum 9-Punkte-Plan? (190)_41,0,1,1,2,2,1
VM1_Welche Meinung haben Sie zum 9-Punkte-Plan? (190)_42,0,1,1,3,3,1
VM1_Welche Meinung haben Sie zum 9-Punkte-Plan? (190)_43,0,1,1,2,3,1
VM1_Welche Meinung haben Sie zum 9-Punkte-Plan? (190)_44,0,0,1,2,2,1
VM1_Welche Meinung haben Sie zum 9-Punkte-Plan? (190)_45,0,0,0,0,1,0
VM1_Welche Meinung haben Sie zum 9-Punkte-Plan? (190)_46,0,0,1,1,2,1
VM1_Welche Meinung haben Sie zum 9-Punkte-Plan? (190)_47,0,0,1,2,2,1
VM1_Welche Meinung haben Sie zum 9-Punkte-Plan? (190)_48,0,0,0,0,1,0
VM1_Welche Meinung haben Sie zum 9-Punkte-Plan? (190)_49,0,1,1,3,2,1
VM1_Welche Meinung haben Sie zum 9-Punkte-Plan? (190)_50,0,0,1,2,2,0
VM1_Welche Meinung haben Sie zum 9-Punkte-Plan? (190)_51,0,0,1,1,1,0
VM1_Welche Meinung haben Sie zum 9-Punkte-Plan? (190)_52,0,0,1,2,2,1
VM1_Welche Meinung haben Sie zum 9-Punkte-Plan? (190)_53,0,0,1,2,2,1
VM1_Welche Meinung haben Sie zum 9-Punkte-Plan? (190)_54,0,0,1,3,2,1
VM1_Welche Meinung haben Sie zum 9-Punkte-Plan? (190)_55,0,0,0,2,1,0
VM1_Welche Meinung haben Sie zum 9-Punkte-Plan? (190)_56,0,0,1,2,2,1
VM1_Welche Meinung haben Sie zum 9-Punkte-Plan? (190)_57,0,0,1,2,2,0
VM1_Welche Meinung haben Sie zum 9-Punkte-Plan? (190)_58,0,0,1,2,3,0
VM1_Welche Meinung haben Sie zum 9-Punkte-Plan? (190)_59,0,0,0,1,3,0
VM1_Welche Meinung haben Sie zum 9-Punkte-Plan? (190)_60,0,0,0,1,2,0
VM1_Welche Meinung haben Sie zum 9-Punkte-Plan? (190)_61,0,0,0,1,3,0
VM1_Welche Meinung haben Sie zum 9-Punkte-Plan? (190)_62,0,0,1,2,2,1
VM1_Welche Meinung haben Sie zum 9-Punkte-Plan? (190)_63,0,0,0,0,1,0
VM1_Welche Meinung haben Sie zum 9-Punkte-Plan? (190)_64,0,0,1,3,3,1
VM1_Welche Meinung haben Sie zum 9-Punkte-Plan? (190)_65,0,0,0,0,1,0
VM1_Welche Meinung haben Sie zum 9-Punkte-Plan? (190)_66,1,1,1,3,2,1
VM1_Welche Meinung haben Sie zum 9-Punkte-Plan? (190)_67,0,0,0,1,3,0
VM1_Welche Meinung haben Sie zum 9-Punkte-Plan? (190)_68,1,1,1,3,3,1
VM1_Welche Meinung haben Sie zum 9-Punkte-Plan? (190)_69,1,1,1,2,2,1
VM1_Welche Meinung haben Sie zum 9-Punkte-Plan? (190)_70,1,1,1,3,2,0
VM1_Welche Meinung haben Sie zum 9-Punkte-Plan? (190)_71,0,1,1,1,2,0
VM1_Welche Meinung haben Sie zum 9-Punkte-Plan? (190)_72,0,1,1,3,2,1
VM1_Welche Meinung haben Sie zum 9-Punkte-Plan? (190)_73,0,1,1,2,3,1
VM1_Welche Meinung haben Sie zum 9-Punkte-Plan? (190)_74,0,0,1,2,2,0
VM1_Welche Meinung haben Sie zum 9-Punkte-Plan? (190)_75,0,1,1,3,2,1
VM1_Welche Meinung haben Sie zum 9-Punkte-Plan? (190)_76,0,0,1,2,2,1
VM1_Welche Meinung haben Sie zum 9-Punkte-Plan? (190)_77,0,1,1,2,2,1
VM1_Welche Meinung haben Sie zum 9-Punkte-Plan? (190)_78,0,1,1,2,2,1
VM1_Welche Meinung haben Sie zum 9-Punkte-Plan? (190)_79,1,1,1,2,2,1
VM1_Welche Meinung haben Sie zum 9-Punkte-Plan? (190)_80,0,0,1,2,2,1
VM1_Welche Meinung haben Sie zum 9-Punkte-Plan? (190)_81,0,0,1,3,3,1
VM1_Welche Meinung haben Sie zum 9-Punkte-Plan? (190)_82,0,0,1,1,2,1
VM1_Welche Meinung haben Sie zum 9-Punkte-Plan? (190)_83,0,0,0,1,4,0
VM1_Welche Meinung haben Sie zum 9-Punkte-Plan? (190)_84,0,0,1,3,3,1
VM1_Welche Meinung haben Sie zum 9-Punkte-Plan? (190)_85,0,0,1,1,1,0
VM1_Welche Meinung haben Sie zum 9-Punkte-Plan? (190)_86,0,0,1,1,2,1
VM1_Welche Meinung haben Sie zum 9-Punkte-Plan? (190)_87,0,0,1,2,2,1
VM1_Welche Meinung haben Sie zum 9-Punkte-Plan? (190)_88,0,0,1,3,1,1
VM1_Welche Meinung haben Sie zum 9-Punkte-Plan? (190)_89,0,1,1,3,3,0
VM1_Welche Meinung haben Sie zum 9-Punkte-Plan? (190)_90,0,0,1,1,4,1
VM1_Welche Meinung haben Sie zum 9-Punkte-Plan? (190)_91,0,0,0,0,3,0
VM1_Welche Meinung haben Sie zum 9-Punkte-Plan? (190)_92,0,0,1,3,2,1
VM1_Welche Meinung haben Sie zum 9-Punkte-Plan? (190)_93,0,0,1,2,2,1
VM1_Welche Meinung haben Sie zum 9-Punkte-Plan? (190)_94,0,0,1,1,3,0
VM1_Welche Meinung haben Sie zum 9-Punkte-Plan? (190)_95,0,0,1,1,2,0
VM1_Welche Meinung haben Sie zum 9-Punkte-Plan? (190)_96,0,1,0,0,3,0
VM1_Welche Meinung haben Sie zum 9-Punkte-Plan? (190)_97,0,0,0,1,4,0
VM1_Welche Meinung haben Sie zum 9-Punkte-Plan? (190)_98,0,0,1,1,2,0
VM1_Welche Meinung haben Sie zum 9-Punkte-Plan? (190)_99,0,0,0,0,2,0
VM1_Welche Meinung haben Sie zum 9-Punkte-Plan? (190)_100,0,0,1,1,2,1
VM1_Welche Meinung haben Sie zum 9-Punkte-Plan? (190)_101,0,0,1,2,3,1
VM1_Welche Meinung haben Sie zum 9-Punkte-Plan? (190)_102,0,0,0,0,1,0
VM1_Welche Meinung haben Sie zum 9-Punkte-Plan? (190)_103,0,0,0,0,2,0
VM1_Welche Meinung haben Sie zum 9-Punkte-Plan? (190)_104,0,0,0,0,4,0
VM1_Welche Meinung haben Sie zum 9-Punkte-Plan? (190)_105,0,0,1,2,4,0
VM1_Welche Meinung haben Sie zum 9-Punkte-Plan? (190)_106,0,0,1,2,1,0
VM1_Welche Meinung haben Sie zum 9-Punkte-Plan? (190)_107,0,0,0,3,3,0
VM1_Welche Meinung haben Sie zum 9-Punkte-Plan? (190)_108,0,0,1,3,2,1
VM1_Welche Meinung haben Sie zum 9-Punkte-Plan? (190)_109,0,1,1,2,2,1
VM1_Welche Meinung haben Sie zum 9-Punkte-Plan? (190)_110,0,0,1,2,3,0
VM1_Welche Meinung haben Sie zum 9-Punkte-Plan? (190)_111,0,0,0,0,4,0
VM1_Welche Meinung haben Sie zum 9-Punkte-Plan? (190)_112,0,0,1,2,1,1
VM1_Welche Meinung haben Sie zum 9-Punkte-Plan? (190)_113,0,1,1,1,2,1
VM1_Welche Meinung haben Sie zum 9-Punkte-Plan? (190)_114,0,0,0,0,3,0
VM1_Welche Meinung haben Sie zum 9-Punkte-Plan? (190)_115,0,0,0,0,1,0
VM1_Welche Meinung haben Sie zum 9-Punkte-Plan? (190)_116,0,1,1,2,2,0
VM1_Welche Meinung haben Sie zum 9-Punkte-Plan? (190)_117,0,0,0,0,4,0
VM1_Welche Meinung haben Sie zum 9-Punkte-Plan? (190)_118,0,0,1,2,2,1
VM1_Welche Meinung haben Sie zum 9-Punkte-Plan? (190)_119,0,0,0,1,1,0
VM1_Welche Meinung haben Sie zum 9-Punkte-Plan? (190)_120,0,0,1,1,1,1
VM1_Welche Meinung haben Sie zum 9-Punkte-Plan? (190)_121,0,0,0,1,2,0
VM1_Welche Meinung haben Sie zum 9-Punkte-Plan? (190)_122,0,0,0,0,4,0
VM1_Welche Meinung haben Sie zum 9-Punkte-Plan? (190)_123,0,0,0,1,3,0
VM1_Welche Meinung haben Sie zum 9-Punkte-Plan? (190)_124,0,0,0,1,2,0
VM1_Welche Meinung haben Sie zum 9-Punkte-Plan? (190)_125,0,0,0,2,3,0
VM1_Welche Meinung haben Sie zum 9-Punkte-Plan? (190)_126,1,1,1,3,3,1
VM1_Welche Meinung haben Sie zum 9-Punkte-Plan? (190)_127,0,1,1,3,2,1
VM1_Welche Meinung haben Sie zum 9-Punkte-Plan? (190)_128,0,1,0,0,2,0
VM1_Welche Meinung haben Sie zum 9-Punkte-Plan? (190)_129,0,0,1,3,3,1
VM1_Welche Meinung haben Sie zum 9-Punkte-Plan? (190)_130,0,0,0,2,1,0
VM1_Welche Meinung haben Sie zum 9-Punkte-Plan? (190)_131,0,0,0,0,1,0
VM1_Welche Meinung haben Sie zum 9-Punkte-Plan? (190)_132,0,0,0,0,1,0
VM1_Welche Meinung haben Sie zum 9-Punkte-Plan? (190)_133,0,0,0,0,1,0
VM1_Welche Meinung haben Sie zum 9-Punkte-Plan? (190)_134,0,0,1,2,2,1
VM1_Welche Meinung haben Sie zum 9-Punkte-Plan? (190)_135,0,1,1,3,2,1
VM1_Welche Meinung haben Sie zum 9-Punkte-Plan? (190)_136,1,1,0,2,1,0
VM1_Welche Meinung haben Sie zum 9-Punkte-Plan? (190)_137,0,0,0,1,2,0
VM1_Welche Meinung haben Sie zum 9-Punkte-Plan? (190)_138,0,1,1,2,2,0
VM1_Welche Meinung haben Sie zum 9-Punkte-Plan? (190)_139,0,1,1,1,2,1
VM1_Welche Meinung haben Sie zum 9-Punkte-Plan? (190)_140,0,0,0,1,4,0
VM1_Welche Meinung haben Sie zum 9-Punkte-Plan? (190)_141,0,0,0,1,4,0
VM1_Welche Meinung haben Sie zum 9-Punkte-Plan? (190)_142,0,0,1,1,4,0
VM1_Welche Meinung haben Sie zum 9-Punkte-Plan? (190)_143,0,0,0,2,3,0
VM1_Welche Meinung haben Sie zum 9-Punkte-Plan? (190)_144,0,1,1,2,2,1
VM1_Welche Meinung haben Sie zum 9-Punkte-Plan? (190)_145,0,0,1,3,3,1
VM1_Welche Meinung haben Sie zum 9-Punkte-Plan? (190)_146,0,0,1,1,1,0
VM1_Welche Meinung haben Sie zum 9-Punkte-Plan? (190)_147,0,0,1,2,2,1
VM1_Welche Meinung haben Sie zum 9-Punkte-Plan? (190)_148,0,0,1,2,2,1
VM1_Welche Meinung haben Sie zum 9-Punkte-Plan? (190)_149,1,0,1,3,3,1
VM1_Welche Meinung haben Sie zum 9-Punkte-Plan? (190)_150,0,0,1,2,2,1
VM1_Welche Meinung haben Sie zum 9-Punkte-Plan? (190)_151,1,1,1,2,3,0
VM1_Welche Meinung haben Sie zum 9-Punkte-Plan? (190)_152,0,0,1,2,2,1
VM1_Welche Meinung haben Sie zum 9-Punkte-Plan? (190)_153,0,1,1,2,2,1
VM1_Welche Meinung haben Sie zum 9-Punkte-Plan? (190)_154,0,0,0,1,2,0
VM1_Welche Meinung haben Sie zum 9-Punkte-Plan? (190)_155,0,0,1,2,3,0
VM1_Welche Meinung haben Sie zum 9-Punkte-Plan? (190)_156,0,1,0,1,2,0
VM1_Welche Meinung haben Sie zum 9-Punkte-Plan? (190)_157,0,0,1,1,2,1
VM1_Welche Meinung haben Sie zum 9-Punkte-Plan? (190)_158,0,1,1,3,2,1
VM1_Welche Meinung haben Sie zum 9-Punkte-Plan? (190)_159,0,1,1,3,2,1
VM1_Welche Meinung haben Sie zum 9-Punkte-Plan? (190)_160,0,0,1,2,2,1
VM1_Welche Meinung haben Sie zum 9-Punkte-Plan? (190)_161,0,0,0,0,4,0
VM1_Welche Meinung haben Sie zum 9-Punkte-Plan? (190)_162,0,0,1,1,2,1
VM1_Welche Meinung haben Sie zum 9-Punkte-Plan? (190)_163,0,0,0,1,1,0
VM1_Welche Meinung haben Sie zum 9-Punkte-Plan? (190)_164,0,0,0,0,4,0
VM1_Welche Meinung haben Sie zum 9-Punkte-Plan? (190)_165,0,0,0,0,4,0
VM1_Welche Meinung haben Sie zum 9-Punkte-Plan? (190)_166,0,1,1,1,2,1
VM1_Welche Meinung haben Sie zum 9-Punkte-Plan? (190)_167,0,0,1,2,3,0
VM1_Welche Meinung haben Sie zum 9-Punkte-Plan? (190)_168,1,1,1,3,2,1
VM1_Welche Meinung haben Sie zum 9-Punkte-Plan? (190)_169,1,1,0,1,2,0
VM1_Welche Meinung haben Sie zum 9-Punkte-Plan? (190)_170,0,0,1,1,3,1
VM1_Welche Meinung haben Sie zum 9-Punkte-Plan? (190)_171,0,0,0,1,2,0
VM1_Welche Meinung haben Sie zum 9-Punkte-Plan? (190)_172,1,1,1,3,2,1
VM1_Welche Meinung haben Sie zum 9-Punkte-Plan? (190)_173,0,0,1,1,2,1
VM1_Welche Meinung haben Sie zum 9-Punkte-Plan? (190)_174,0,1,1,2,2,1
VM1_Welche Meinung haben Sie zum 9-Punkte-Plan? (190)_175,0,1,1,2,2,1
VM1_Welche Meinung haben Sie zum 9-Punkte-Plan? (190)_176,0,0,0,0,3,0
VM1_Welche Meinung haben Sie zum 9-Punkte-Plan? (190)_177,1,1,1,2,2,1
VM1_Welche Meinung haben Sie zum 9-Punkte-Plan? (190)_178,0,0,0,0,2,0
VM1_Welche Meinung haben Sie zum 9-Punkte-Plan? (190)_179,0,0,0,1,4,0
VM1_Welche Meinung haben Sie zum 9-Punkte-Plan? (190)_180,0,0,1,3,3,1
VM1_Welche Meinung haben Sie zum 9-Punkte-Plan? (190)_181,0,0,0,0,2,0
VM1_Welche Meinung haben Sie zum 9-Punkte-Plan? (190)_182,0,0,0,0,4,0
VM1_Welche Meinung haben Sie zum 9-Punkte-Plan? (190)_183,0,1,0,0,3,0
VM1_Welche Meinung haben Sie zum 9-Punkte-Plan? (190)_184,0,0,0,1,1,0
VM1_Welche Meinung haben Sie zum 9-Punkte-Plan? (190)_185,0,0,1,1,2,1
VM1_Welche Meinung haben Sie zum 9-Punkte-Plan? (190)_186,0,0,1,1,4,1
VM1_Welche Meinung haben Sie zum 9-Punkte-Plan? (190)_187,0,1,0,1,2,0
VM1_Welche Meinung haben Sie zum 9-Punkte-Plan? (190)_188,0,0,1,2,4,1
VM1_Welche Meinung haben Sie zum 9-Punkte-Plan? (190)_189,0,0,1,1,2,0
VM1_Welche Meinung haben Sie zum 9-Punkte-Plan? (190)_190,0,1,0,1,3,0
VM1_Was denken Sie: Wie lässt sich Terror stoppen? (77)_8,0,0,0,1,2,0
VM1_Was denken Sie: Wie lässt sich Terror stoppen? (77)_9,0,0,1,2,2,1
VM1_Was denken Sie: Wie lässt sich Terror stoppen? (77)_10,1,1,1,2,2,1
VM1_Was denken Sie: Wie lässt sich Terror stoppen? (77)_11,0,0,1,1,2,1
VM1_Was denken Sie: Wie lässt sich Terror stoppen? (77)_12,0,0,0,1,2,0
VM1_Was denken Sie: Wie lässt sich Terror stoppen? (77)_13,0,0,1,2,4,0
VM1_Was denken Sie: Wie lässt sich Terror stoppen? (77)_14,0,0,0,2,2,0
VM1_Was denken Sie: Wie lässt sich Terror stoppen? (77)_15,0,0,0,3,2,0
VM1_Was denken Sie: Wie lässt sich Terror stoppen? (77)_16,0,1,1,2,2,0
VM1_Was denken Sie: Wie lässt sich Terror stoppen? (77)_17,0,0,1,1,4,0
VM1_Was denken Sie: Wie lässt sich Terror stoppen? (77)_18,0,0,1,3,2,1
VM1_Was denken Sie: Wie lässt sich Terror stoppen? (77)_19,0,0,1,2,2,1
VM1_Was denken Sie: Wie lässt sich Terror stoppen? (77)_20,0,0,0,2,3,0
VM1_Was denken Sie: Wie lässt sich Terror stoppen? (77)_21,0,1,1,2,2,1
VM1_Was denken Sie: Wie lässt sich Terror stoppen? (77)_22,0,1,1,3,2,1
VM1_Was denken Sie: Wie lässt sich Terror stoppen? (77)_23,0,0,1,2,2,1
VM1_Was denken Sie: Wie lässt sich Terror stoppen? (77)_24,0,0,0,2,2,0
VM1_Was denken Sie: Wie lässt sich Terror stoppen? (77)_25,0,0,0,2,2,0
VM1_Was denken Sie: Wie lässt sich Terror stoppen? (77)_26,0,0,1,2,2,1
VM1_Was denken Sie: Wie lässt sich Terror stoppen? (77)_27,0,0,1,3,2,1
VM1_Was denken Sie: Wie lässt sich Terror stoppen? (77)_28,0,0,0,2,2,0
VM1_Was denken Sie: Wie lässt sich Terror stoppen? (77)_29,0,0,0,1,1,0
VM1_Was denken Sie: Wie lässt sich Terror stoppen? (77)_30,0,0,0,2,2,0
VM1_Was denken Sie: Wie lässt sich Terror stoppen? (77)_31,0,0,0,2,2,0
VM1_Was denken Sie: Wie lässt sich Terror stoppen? (77)_32,0,0,0,1,2,0
VM1_Was denken Sie: Wie lässt sich Terror stoppen? (77)_33,0,0,1,2,2,1
VM1_Was denken Sie: Wie lässt sich Terror stoppen? (77)_34,0,0,1,2,2,0
VM1_Was denken Sie: Wie lässt sich Terror stoppen? (77)_35,0,0,0,2,2,0
VM1_Was denken Sie: Wie lässt sich Terror stoppen? (77)_36,0,0,1,3,2,1
VM1_Was denken Sie: Wie lässt sich Terror stoppen? (77)_37,0,0,0,1,4,0
VM1_Was denken Sie: Wie lässt sich Terror stoppen? (77)_38,0,0,1,2,2,1
VM1_Was denken Sie: Wie lässt sich Terror stoppen? (77)_39,0,0,1,2,2,0
VM1_Was denken Sie: Wie lässt sich Terror stoppen? (77)_40,0,0,0,2,3,0
VM1_Was denken Sie: Wie lässt sich Terror stoppen? (77)_41,0,0,1,2,2,1
VM1_Was denken Sie: Wie lässt sich Terror stoppen? (77)_42,0,0,0,2,4,0
VM1_Was denken Sie: Wie lässt sich Terror stoppen? (77)_43,0,1,1,3,3,1
VM1_Was denken Sie: Wie lässt sich Terror stoppen? (77)_44,0,0,1,3,2,1
VM1_Was denken Sie: Wie lässt sich Terror stoppen? (77)_45,0,0,1,3,2,1
VM1_Was denken Sie: Wie lässt sich Terror stoppen? (77)_46,0,0,1,3,2,1
VM1_Was denken Sie: Wie lässt sich Terror stoppen? (77)_47,0,0,0,0,4,0
VM1_Was denken Sie: Wie lässt sich Terror stoppen? (77)_48,0,0,1,3,2,1
VM1_Was denken Sie: Wie lässt sich Terror stoppen? (77)_49,0,0,0,1,2,0
VM1_Was denken Sie: Wie lässt sich Terror stoppen? (77)_50,1,1,1,3,2,0
VM1_Was denken Sie: Wie lässt sich Terror stoppen? (77)_51,0,0,0,1,2,0
VM1_Was denken Sie: Wie lässt sich Terror stoppen? (77)_52,0,0,0,0,2,0
VM1_Was denken Sie: Wie lässt sich Terror stoppen? (77)_53,0,0,1,3,4,0
VM1_Was denken Sie: Wie lässt sich Terror stoppen? (77)_54,0,0,1,2,1,1
VM1_Was denken Sie: Wie lässt sich Terror stoppen? (77)_55,0,0,1,1,1,1
VM1_Was denken Sie: Wie lässt sich Terror stoppen? (77)_56,0,0,1,2,1,1
VM1_Was denken Sie: Wie lässt sich Terror stoppen? (77)_57,0,0,0,1,4,0
VM1_Was denken Sie: Wie lässt sich Terror stoppen? (77)_58,0,0,0,1,3,0
VM1_Was denken Sie: Wie lässt sich Terror stoppen? (77)_59,0,1,1,3,2,1
VM1_Was denken Sie: Wie lässt sich Terror stoppen? (77)_60,0,0,0,0,2,0
VM1_Was denken Sie: Wie lässt sich Terror stoppen? (77)_61,0,0,0,0,1,0
VM1_Was denken Sie: Wie lässt sich Terror stoppen? (77)_62,0,0,0,2,2,0
VM1_Was denken Sie: Wie lässt sich Terror stoppen? (77)_63,0,0,1,2,2,0
VM1_Was denken Sie: Wie lässt sich Terror stoppen? (77)_64,0,0,0,2,2,0
VM1_Was denken Sie: Wie lässt sich Terror stoppen? (77)_65,0,0,0,1,2,0
VM1_Was denken Sie: Wie lässt sich Terror stoppen? (77)_66,0,1,1,1,2,1
VM1_Was denken Sie: Wie lässt sich Terror stoppen? (77)_67,0,0,1,2,2,1
VM1_Was denken Sie: Wie lässt sich Terror stoppen? (77)_68,0,0,1,3,2,1
VM1_Was denken Sie: Wie lässt sich Terror stoppen? (77)_69,0,1,1,2,2,1
VM1_Was denken Sie: Wie lässt sich Terror stoppen? (77)_70,0,0,0,2,2,0
VM1_Was denken Sie: Wie lässt sich Terror stoppen? (77)_71,0,0,0,1,4,0
VM1_Was denken Sie: Wie lässt sich Terror stoppen? (77)_72,0,0,1,1,2,1
VM1_Was denken Sie: Wie lässt sich Terror stoppen? (77)_73,0,0,1,1,1,0
VM1_Was denken Sie: Wie lässt sich Terror stoppen? (77)_74,1,0,1,3,3,1
VM1_Was denken Sie: Wie lässt sich Terror stoppen? (77)_75,0,0,0,3,2,0
VM1_Was denken Sie: Wie lässt sich Terror stoppen? (77)_76,0,0,1,1,4,0
VM1_Was denken Sie: Wie lässt sich Terror stoppen? (77)_77,0,1,0,1,2,0
VM1_Was sind Ihre persönlichen Erfahrungen mit Terror? (53)_7,1,1,1,3,2,1
VM1_Was sind Ihre persönlichen Erfahrungen mit Terror? (53)_8,1,1,0,0,1,0
VM1_Was sind Ihre persönlichen Erfahrungen mit Terror? (53)_9,0,0,0,1,2,0
VM1_Was sind Ihre persönlichen Erfahrungen mit Terror? (53)_10,1,0,0,1,4,0
VM1_Was sind Ihre persönlichen Erfahrungen mit Terror? (53)_11,1,1,0,1,4,0
VM1_Was sind Ihre persönlichen Erfahrungen mit Terror? (53)_12,1,1,0,1,3,0
VM1_Was sind Ihre persönlichen Erfahrungen mit Terror? (53)_13,1,0,0,0,4,0
VM1_Was sind Ihre persönlichen Erfahrungen mit Terror? (53)_14,1,1,0,1,3,0
VM1_Was sind Ihre persönlichen Erfahrungen mit Terror? (53)_15,1,1,0,3,3,0
VM1_Was sind Ihre persönlichen Erfahrungen mit Terror? (53)_16,1,0,0,0,4,0
VM1_Was sind Ihre persönlichen Erfahrungen mit Terror? (53)_17,1,0,0,0,1,0
VM1_Was sind Ihre persönlichen Erfahrungen mit Terror? (53)_18,0,0,0,0,4,0
VM1_Was sind Ihre persönlichen Erfahrungen mit Terror? (53)_19,0,1,0,1,3,0
VM1_Was sind Ihre persönlichen Erfahrungen mit Terror? (53)_20,1,0,0,1,4,0
VM1_Was sind Ihre persönlichen Erfahrungen mit Terror? (53)_21,1,0,1,2,2,0
VM1_Was sind Ihre persönlichen Erfahrungen mit Terror? (53)_22,1,1,0,1,2,0
VM1_Was sind Ihre persönlichen Erfahrungen mit Terror? (53)_23,1,1,0,1,2,0
VM1_Was sind Ihre persönlichen Erfahrungen mit Terror? (53)_24,1,1,0,1,3,0
VM1_Was sind Ihre persönlichen Erfahrungen mit Terror? (53)_25,1,0,0,1,4,0
VM1_Was sind Ihre persönlichen Erfahrungen mit Terror? (53)_26,1,0,0,1,1,0
VM1_Was sind Ihre persönlichen Erfahrungen mit Terror? (53)_27,1,1,0,1,2,0
VM1_Was sind Ihre persönlichen Erfahrungen mit Terror? (53)_28,1,0,0,0,4,0
VM1_Was sind Ihre persönlichen Erfahrungen mit Terror? (53)_29,1,1,0,2,3,0
VM1_Was sind Ihre persönlichen Erfahrungen mit Terror? (53)_30,0,1,0,1,1,0
VM1_Was sind Ihre persönlichen Erfahrungen mit Terror? (53)_31,1,1,1,2,2,1
VM1_Was sind Ihre persönlichen Erfahrungen mit Terror? (53)_32,1,1,0,1,4,0
VM1_Was sind Ihre persönlichen Erfahrungen mit Terror? (53)_33,1,1,0,2,3,0
VM1_Was sind Ihre persönlichen Erfahrungen mit Terror? (53)_34,1,1,1,3,3,1
VM1_Was sind Ihre persönlichen Erfahrungen mit Terror? (53)_35,1,1,0,1,2,0
VM1_Was sind Ihre persönlichen Erfahrungen mit Terror? (53)_36,1,1,0,2,3,0
VM1_Was sind Ihre persönlichen Erfahrungen mit Terror? (53)_37,1,1,1,3,2,1
VM1_Was sind Ihre persönlichen Erfahrungen mit Terror? (53)_38,0,1,0,1,2,0
VM1_Was sind Ihre persönlichen Erfahrungen mit Terror? (53)_39,1,1,0,0,2,0
VM1_Was sind Ihre persönlichen Erfahrungen mit Terror? (53)_40,1,0,0,0,1,0
VM1_Was sind Ihre persönlichen Erfahrungen mit Terror? (53)_41,1,1,0,0,1,0
VM1_Was sind Ihre persönlichen Erfahrungen mit Terror? (53)_42,1,0,0,0,1,0
VM1_Was sind Ihre persönlichen Erfahrungen mit Terror? (53)_43,1,0,0,0,1,0
VM1_Was sind Ihre persönlichen Erfahrungen mit Terror? (53)_44,1,1,0,1,2,0
VM1_Was sind Ihre persönlichen Erfahrungen mit Terror? (53)_45,1,0,0,0,4,0
VM1_Was sind Ihre persönlichen Erfahrungen mit Terror? (53)_46,1,0,0,1,4,0
VM1_Was sind Ihre persönlichen Erfahrungen mit Terror? (53)_47,1,0,0,0,4,0
VM1_Was sind Ihre persönlichen Erfahrungen mit Terror? (53)_48,1,0,0,1,4,0
VM1_Was sind Ihre persönlichen Erfahrungen mit Terror? (53)_49,1,0,0,0,4,0
VM1_Was sind Ihre persönlichen Erfahrungen mit Terror? (53)_50,1,1,0,2,3,0
VM1_Was sind Ihre persönlichen Erfahrungen mit Terror? (53)_51,1,0,0,1,4,0
VM1_Was sind Ihre persönlichen Erfahrungen mit Terror? (53)_52,1,1,0,1,1,0
VM1_Was sind Ihre persönlichen Erfahrungen mit Terror? (53)_53,1,1,0,1,3,0
VM1_Worum geht es bei der Studie? (9)_2,0,0,0,0,4,0
VM1_Worum geht es bei der Studie? (9)_3,0,0,1,1,2,0
VM1_Worum geht es bei der Studie? (9)_4,0,0,1,1,2,1
VM1_Worum geht es bei der Studie? (9)_5,0,0,0,0,4,0
VM1_Worum geht es bei der Studie? (9)_6,0,0,0,1,2,0
VM1_Worum geht es bei der Studie? (9)_7,0,0,1,2,2,1
VM1_Worum geht es bei der Studie? (9)_8,0,0,1,2,2,1
VM1_Worum geht es bei der Studie? (9)_9,0,0,1,1,3,0
VM1_Wie wurde der 9-Punkte-Plan in den Medien bewertet? (2)_2,0,0,0,0,2,0
VM1_Welche Inhalte hat der 9-Punkte-Plan? (13)_2,0,0,1,3,3,1
VM1_Welche Inhalte hat der 9-Punkte-Plan? (13)_3,0,0,1,1,3,1
VM1_Welche Inhalte hat der 9-Punkte-Plan? (13)_4,0,0,1,3,2,1
VM1_Welche Inhalte hat der 9-Punkte-Plan? (13)_5,0,0,1,1,2,0
VM1_Welche Inhalte hat der 9-Punkte-Plan? (13)_6,0,0,1,1,2,0
VM1_Welche Inhalte hat der 9-Punkte-Plan? (13)_7,0,0,1,1,1,1
VM1_Welche Inhalte hat der 9-Punkte-Plan? (13)_8,0,0,1,1,4,1
VM1_Welche Inhalte hat der 9-Punkte-Plan? (13)_9,0,0,1,3,3,1
VM1_Welche Inhalte hat der 9-Punkte-Plan? (13)_10,0,0,0,0,3,0
VM1_Welche Inhalte hat der 9-Punkte-Plan? (13)_11,0,0,1,2,1,1
VM1_Welche Inhalte hat der 9-Punkte-Plan? (13)_12,0,0,1,1,3,1
VM1_Welche Inhalte hat der 9-Punkte-Plan? (13)_13,0,0,1,3,3,1
VM1_Netiquette (3)_2,0,0,0,0,1,0
VM1_Netiquette (3)_3,0,0,0,0,1,0
VM1_Wie bewerten Sie den 9-Punkte-Plan insgesamt? (77)_2,0,0,1,2,1,1
VM1_Wie bewerten Sie den 9-Punkte-Plan insgesamt? (77)_3,0,0,0,2,4,0
VM1_Wie bewerten Sie den 9-Punkte-Plan insgesamt? (77)_4,0,0,0,0,2,0
VM1_Wie bewerten Sie den 9-Punkte-Plan insgesamt? (77)_5,0,0,0,2,2,0
VM1_Wie bewerten Sie den 9-Punkte-Plan insgesamt? (77)_6,0,0,0,1,1,0
VM1_Wie bewerten Sie den 9-Punkte-Plan insgesamt? (77)_7,0,0,0,0,2,0
VM1_Wie bewerten Sie den 9-Punkte-Plan insgesamt? (77)_8,0,0,0,0,1,0
VM1_Wie bewerten Sie den 9-Punkte-Plan insgesamt? (77)_9,0,0,0,0,4,0
VM1_Wie bewerten Sie den 9-Punkte-Plan insgesamt? (77)_10,0,0,1,2,2,1
VM1_Wie bewerten Sie den 9-Punkte-Plan insgesamt? (77)_11,0,0,0,0,2,0
VM1_Wie bewerten Sie den 9-Punkte-Plan insgesamt? (77)_12,0,0,0,0,1,0
VM1_Wie bewerten Sie den 9-Punkte-Plan insgesamt? (77)_13,0,0,0,0,3,0
VM1_Wie bewerten Sie den 9-Punkte-Plan insgesamt? (77)_14,0,0,0,0,4,0
VM1_Wie bewerten Sie den 9-Punkte-Plan insgesamt? (77)_15,0,0,0,0,1,0
VM1_Wie bewerten Sie den 9-Punkte-Plan insgesamt? (77)_16,0,0,0,0,3,0
VM1_Wie bewerten Sie den 9-Punkte-Plan insgesamt? (77)_17,0,0,1,3,3,1
VM1_Wie bewerten Sie den 9-Punkte-Plan insgesamt? (77)_18,0,0,1,1,2,1
VM1_Wie bewerten Sie den 9-Punkte-Plan insgesamt? (77)_19,0,1,1,3,3,0
VM1_Wie bewerten Sie den 9-Punkte-Plan insgesamt? (77)_20,0,0,1,1,4,0
VM1_Wie bewerten Sie den 9-Punkte-Plan insgesamt? (77)_21,0,0,0,0,3,0
VM1_Wie bewerten Sie den 9-Punkte-Plan insgesamt? (77)_22,0,0,0,0,4,0
VM1_Wie bewerten Sie den 9-Punkte-Plan insgesamt? (77)_23,0,0,0,2,3,0
VM1_Wie bewerten Sie den 9-Punkte-Plan insgesamt? (77)_24,0,0,0,1,3,0
VM1_Wie bewerten Sie den 9-Punkte-Plan insgesamt? (77)_25,0,0,0,0,3,0
VM1_Wie bewerten Sie den 9-Punkte-Plan insgesamt? (77)_26,1,0,0,2,3,0
VM1_Wie bewerten Sie den 9-Punkte-Plan insgesamt? (77)_27,0,0,0,0,3,0
VM1_Wie bewerten Sie den 9-Punkte-Plan insgesamt? (77)_28,0,0,0,1,2,0
VM1_Wie bewerten Sie den 9-Punkte-Plan insgesamt? (77)_29,0,0,1,2,2,1
VM1_Wie bewerten Sie den 9-Punkte-Plan insgesamt? (77)_30,0,0,1,2,2,1
VM1_Wie bewerten Sie den 9-Punkte-Plan insgesamt? (77)_31,0,0,0,0,1,0
VM1_Wie bewerten Sie den 9-Punkte-Plan insgesamt? (77)_32,0,0,0,0,1,0
VM1_Wie bewerten Sie den 9-Punkte-Plan insgesamt? (77)_33,0,0,1,1,1,1
VM1_Wie bewerten Sie den 9-Punkte-Plan insgesamt? (77)_34,0,0,0,2,3,0
VM1_Wie bewerten Sie den 9-Punkte-Plan insgesamt? (77)_35,0,0,0,1,4,0
VM1_Wie bewerten Sie den 9-Punkte-Plan insgesamt? (77)_36,0,0,1,1,3,0
VM1_Wie bewerten Sie den 9-Punkte-Plan insgesamt? (77)_37,0,0,0,0,1,0
VM1_Wie bewerten Sie den 9-Punkte-Plan insgesamt? (77)_38,0,0,1,1,2,1
VM1_Wie bewerten Sie den 9-Punkte-Plan insgesamt? (77)_39,0,0,0,0,1,0
VM1_Wie bewerten Sie den 9-Punkte-Plan insgesamt? (77)_40,0,0,0,0,1,0
VM1_Wie bewerten Sie den 9-Punkte-Plan insgesamt? (77)_41,0,0,0,1,2,0
VM1_Wie bewerten Sie den 9-Punkte-Plan insgesamt? (77)_42,0,0,1,1,2,1
VM1_Wie bewerten Sie den 9-Punkte-Plan insgesamt? (77)_43,0,1,1,2,2,1
VM1_Wie bewerten Sie den 9-Punkte-Plan insgesamt? (77)_44,0,1,0,0,2,0
VM1_Wie bewerten Sie den 9-Punkte-Plan insgesamt? (77)_45,0,1,1,1,2,1
VM1_Wie bewerten Sie den 9-Punkte-Plan insgesamt? (77)_46,0,1,1,2,2,1
VM1_Wie bewerten Sie den 9-Punkte-Plan insgesamt? (77)_47,0,0,0,0,1,0
VM1_Wie bewerten Sie den 9-Punkte-Plan insgesamt? (77)_48,0,0,0,0,1,0
VM1_Wie bewerten Sie den 9-Punkte-Plan insgesamt? (77)_49,0,0,1,2,2,1
VM1_Wie bewerten Sie den 9-Punkte-Plan insgesamt? (77)_50,0,0,0,0,2,0
VM1_Wie bewerten Sie den 9-Punkte-Plan insgesamt? (77)_51,0,0,1,1,2,1
VM1_Wie bewerten Sie den 9-Punkte-Plan insgesamt? (77)_52,0,0,0,1,2,0
VM1_Wie bewerten Sie den 9-Punkte-Plan insgesamt? (77)_53,0,0,1,1,2,0
VM1_Wie bewerten Sie den 9-Punkte-Plan insgesamt? (77)_54,0,0,1,1,2,1
VM1_Wie bewerten Sie den 9-Punkte-Plan insgesamt? (77)_55,0,1,0,0,3,0
VM1_Wie bewerten Sie den 9-Punkte-Plan insgesamt? (77)_56,0,0,1,2,2,1
VM1_Wie bewerten Sie den 9-Punkte-Plan insgesamt? (77)_57,0,0,0,0,1,0
VM1_Wie bewerten Sie den 9-Punkte-Plan insgesamt? (77)_58,0,0,0,0,1,0
VM1_Wie bewerten Sie den 9-Punkte-Plan insgesamt? (77)_59,0,0,0,0,1,0
VM1_Wie bewerten Sie den 9-Punkte-Plan insgesamt? (77)_60,0,0,0,1,3,0
VM1_Wie bewerten Sie den 9-Punkte-Plan insgesamt? (77)_61,0,0,0,0,1,0
VM1_Wie bewerten Sie den 9-Punkte-Plan insgesamt? (77)_62,0,0,1,2,2,0
VM1_Wie bewerten Sie den 9-Punkte-Plan insgesamt? (77)_63,0,0,0,0,3,0
VM1_Wie bewerten Sie den 9-Punkte-Plan insgesamt? (77)_64,0,1,1,2,2,1
VM1_Wie bewerten Sie den 9-Punkte-Plan insgesamt? (77)_65,0,0,1,1,2,1
VM1_Wie bewerten Sie den 9-Punkte-Plan insgesamt? (77)_66,0,0,0,0,2,0
VM1_Wie bewerten Sie den 9-Punkte-Plan insgesamt? (77)_67,0,0,0,0,1,0
VM1_Wie bewerten Sie den 9-Punkte-Plan insgesamt? (77)_68,0,0,1,1,1,0
VM1_Wie bewerten Sie den 9-Punkte-Plan insgesamt? (77)_69,0,0,1,1,1,0
VM1_Wie bewerten Sie den 9-Punkte-Plan insgesamt? (77)_70,0,0,1,2,1,1
VM1_Wie bewerten Sie den 9-Punkte-Plan insgesamt? (77)_71,0,0,1,2,1,0
VM1_Wie bewerten Sie den 9-Punkte-Plan insgesamt? (77)_72,0,0,1,1,2,1
VM1_Wie bewerten Sie den 9-Punkte-Plan insgesamt? (77)_73,0,0,0,0,2,0
VM1_Wie bewerten Sie den 9-Punkte-Plan insgesamt? (77)_74,0,0,1,1,1,0
VM1_Wie bewerten Sie den 9-Punkte-Plan insgesamt? (77)_75,0,0,1,1,2,1
VM1_Wie bewerten Sie den 9-Punkte-Plan insgesamt? (77)_76,0,1,1,3,2,1
VM1_Wie bewerten Sie den 9-Punkte-Plan insgesamt? (77)_77,0,0,0,1,2,0
VM1_Welche Schulnote würden Sie dem 9-Punkte-Plan geben? (35)_2,0,0,0,0,3,0
VM1_Welche Schulnote würden Sie dem 9-Punkte-Plan geben? (35)_3,0,0,0,0,4,0
VM1_Welche Schulnote würden Sie dem 9-Punkte-Plan geben? (35)_4,0,0,1,2,2,0
VM1_Welche Schulnote würden Sie dem 9-Punkte-Plan geben? (35)_5,0,0,0,0,4,0
VM1_Welche Schulnote würden Sie dem 9-Punkte-Plan geben? (35)_6,0,0,0,2,1,0
VM1_Welche Schulnote würden Sie dem 9-Punkte-Plan geben? (35)_7,0,0,0,0,2,0
VM1_Welche Schulnote würden Sie dem 9-Punkte-Plan geben? (35)_8,0,0,0,0,1,0
VM1_Welche Schulnote würden Sie dem 9-Punkte-Plan geben? (35)_9,0,0,0,0,2,0
VM1_Welche Schulnote würden Sie dem 9-Punkte-Plan geben? (35)_10,0,0,0,2,3,0
VM1_Welche Schulnote würden Sie dem 9-Punkte-Plan geben? (35)_11,0,0,1,2,2,1
VM1_Welche Schulnote würden Sie dem 9-Punkte-Plan geben? (35)_12,0,0,0,0,2,0
VM1_Welche Schulnote würden Sie dem 9-Punkte-Plan geben? (35)_13,0,0,0,0,2,0
VM1_Welche Schulnote würden Sie dem 9-Punkte-Plan geben? (35)_14,0,0,0,0,1,0
VM1_Welche Schulnote würden Sie dem 9-Punkte-Plan geben? (35)_15,0,0,1,2,3,0
VM1_Welche Schulnote würden Sie dem 9-Punkte-Plan geben? (35)_16,0,0,0,0,2,0
VM1_Welche Schulnote würden Sie dem 9-Punkte-Plan geben? (35)_17,0,0,0,0,2,0
VM1_Welche Schulnote würden Sie dem 9-Punkte-Plan geben? (35)_18,0,0,0,0,3,0
VM1_Welche Schulnote würden Sie dem 9-Punkte-Plan geben? (35)_19,0,0,0,0,2,0
VM1_Welche Schulnote würden Sie dem 9-Punkte-Plan geben? (35)_20,0,0,0,0,1,0
VM1_Welche Schulnote würden Sie dem 9-Punkte-Plan geben? (35)_21,0,0,0,0,1,0
VM1_Welche Schulnote würden Sie dem 9-Punkte-Plan geben? (35)_22,0,0,0,0,4,0
VM1_Welche Schulnote würden Sie dem 9-Punkte-Plan geben? (35)_23,0,0,1,2,1,0
VM1_Welche Schulnote würden Sie dem 9-Punkte-Plan geben? (35)_24,0,0,0,0,2,0
VM1_Welche Schulnote würden Sie dem 9-Punkte-Plan geben? (35)_25,0,0,0,0,3,0
VM1_Welche Schulnote würden Sie dem 9-Punkte-Plan geben? (35)_26,0,0,0,0,1,0
VM1_Welche Schulnote würden Sie dem 9-Punkte-Plan geben? (35)_27,0,0,0,1,2,0
VM1_Welche Schulnote würden Sie dem 9-Punkte-Plan geben? (35)_28,0,0,1,2,2,1
VM1_Welche Schulnote würden Sie dem 9-Punkte-Plan geben? (35)_29,0,0,0,0,4,0
VM1_Welche Schulnote würden Sie dem 9-Punkte-Plan geben? (35)_30,0,0,0,0,4,0
VM1_Welche Schulnote würden Sie dem 9-Punkte-Plan geben? (35)_31,0,0,0,0,2,0
VM1_Welche Schulnote würden Sie dem 9-Punkte-Plan geben? (35)_32,0,0,0,0,2,0
VM1_Welche Schulnote würden Sie dem 9-Punkte-Plan geben? (35)_33,0,0,0,0,2,0
VM1_Welche Schulnote würden Sie dem 9-Punkte-Plan geben? (35)_34,0,0,1,2,2,0
VM1_Welche Schulnote würden Sie dem 9-Punkte-Plan geben? (35)_35,0,0,0,0,3,0
VM1_Welche Punkte würden Sie ergänzen? (55)_3,0,0,0,2,3,0
VM1_Welche Punkte würden Sie ergänzen? (55)_4,0,0,1,1,2,1
VM1_Welche Punkte würden Sie ergänzen? (55)_5,0,0,1,1,4,1
VM1_Welche Punkte würden Sie ergänzen? (55)_6,0,0,0,2,4,0
VM1_Welche Punkte würden Sie ergänzen? (55)_7,0,0,0,1,4,0
VM1_Welche Punkte würden Sie ergänzen? (55)_8,0,0,1,2,2,0
VM1_Welche Punkte würden Sie ergänzen? (55)_9,0,0,0,1,2,0
VM1_Welche Punkte würden Sie ergänzen? (55)_10,0,1,1,2,2,1
VM1_Welche Punkte würden Sie ergänzen? (55)_11,0,0,1,2,4,1
VM1_Welche Punkte würden Sie ergänzen? (55)_12,0,0,0,0,1,0
VM1_Welche Punkte würden Sie ergänzen? (55)_13,0,0,0,0,2,0
VM1_Welche Punkte würden Sie ergänzen? (55)_14,0,0,0,0,3,0
VM1_Welche Punkte würden Sie ergänzen? (55)_15,0,0,1,3,2,1
VM1_Welche Punkte würden Sie ergänzen? (55)_16,0,0,1,2,3,0
VM1_Welche Punkte würden Sie ergänzen? (55)_17,0,0,1,3,2,1
VM1_Welche Punkte würden Sie ergänzen? (55)_18,0,1,1,1,2,1
VM1_Welche Punkte würden Sie ergänzen? (55)_19,0,0,1,3,3,1
VM1_Welche Punkte würden Sie ergänzen? (55)_20,0,0,1,2,4,0
VM1_Welche Punkte würden Sie ergänzen? (55)_21,0,0,0,1,1,0
VM1_Welche Punkte würden Sie ergänzen? (55)_22,0,0,0,1,2,0
VM1_Welche Punkte würden Sie ergänzen? (55)_23,0,0,0,0,2,0
VM1_Welche Punkte würden Sie ergänzen? (55)_24,0,0,1,2,4,1
VM1_Welche Punkte würden Sie ergänzen? (55)_25,0,0,0,0,2,0
VM1_Welche Punkte würden Sie ergänzen? (55)_26,0,0,1,1,4,1
VM1_Welche Punkte würden Sie ergänzen? (55)_27,0,0,0,0,2,0
VM1_Welche Punkte würden Sie ergänzen? (55)_28,0,0,1,1,2,1
VM1_Welche Punkte würden Sie ergänzen? (55)_29,0,0,1,2,1,0
VM1_Welche Punkte würden Sie ergänzen? (55)_30,0,0,1,2,1,1
VM1_Welche Punkte würden Sie ergänzen? (55)_31,0,0,1,1,2,1
VM1_Welche Punkte würden Sie ergänzen? (55)_32,0,0,1,2,2,1
VM1_Welche Punkte würden Sie ergänzen? (55)_33,0,0,0,0,1,0
VM1_Welche Punkte würden Sie ergänzen? (55)_34,0,0,1,3,3,1
VM1_Welche Punkte würden Sie ergänzen? (55)_35,0,0,1,3,2,1
VM1_Welche Punkte würden Sie ergänzen? (55)_36,0,0,1,1,1,1
VM1_Welche Punkte würden Sie ergänzen? (55)_37,0,0,0,1,4,0
VM1_Welche Punkte würden Sie ergänzen? (55)_38,0,0,0,1,2,0
VM1_Welche Punkte würden Sie ergänzen? (55)_39,0,0,1,2,2,1
VM1_Welche Punkte würden Sie ergänzen? (55)_40,0,0,1,3,2,1
VM1_Welche Punkte würden Sie ergänzen? (55)_41,0,0,1,2,1,1
VM1_Welche Punkte würden Sie ergänzen? (55)_42,0,0,1,0,2,0
VM1_Welche Punkte würden Sie ergänzen? (55)_43,0,0,0,0,2,0
VM1_Welche Punkte würden Sie ergänzen? (55)_44,0,1,1,2,2,1
VM1_Welche Punkte würden Sie ergänzen? (55)_45,0,0,1,1,4,0
VM1_Welche Punkte würden Sie ergänzen? (55)_46,0,0,0,2,2,0
VM1_Welche Punkte würden Sie ergänzen? (55)_47,0,0,1,0,1,0
VM1_Welche Punkte würden Sie ergänzen? (55)_48,0,0,1,2,4,0
VM1_Welche Punkte würden Sie ergänzen? (55)_49,0,0,1,3,1,1
VM1_Welche Punkte würden Sie ergänzen? (55)_50,0,0,0,1,4,0
VM1_Welche Punkte würden Sie ergänzen? (55)_51,0,0,1,3,2,1
VM1_Welche Punkte würden Sie ergänzen? (55)_52,0,0,1,2,2,1
VM1_Welche Punkte würden Sie ergänzen? (55)_53,0,0,1,2,4,0
VM1_Welche Punkte würden Sie ergänzen? (55)_54,0,0,1,2,2,0
VM1_Welche Punkte würden Sie ergänzen? (55)_55,0,0,0,1,3,0
VM2_Welche Meinung haben Sie zum 9-Punkte-Plan? (103)_7,0,0,1,1,3,1
VM2_Welche Meinung haben Sie zum 9-Punkte-Plan? (103)_8,0,0,1,2,3,1
VM2_Welche Meinung haben Sie zum 9-Punkte-Plan? (103)_9,0,0,1,1,2,1
VM2_Welche Meinung haben Sie zum 9-Punkte-Plan? (103)_10,0,0,1,2,4,1
VM2_Welche Meinung haben Sie zum 9-Punkte-Plan? (103)_11,0,0,1,3,2,1
VM2_Welche Meinung haben Sie zum 9-Punkte-Plan? (103)_12,0,0,1,2,2,1
VM2_Welche Meinung haben Sie zum 9-Punkte-Plan? (103)_13,0,0,0,1,2,0
VM2_Welche Meinung haben Sie zum 9-Punkte-Plan? (103)_14,0,0,1,1,2,1
VM2_Welche Meinung haben Sie zum 9-Punkte-Plan? (103)_15,0,0,0,0,3,0
VM2_Welche Meinung haben Sie zum 9-Punkte-Plan? (103)_16,0,0,1,3,3,1
VM2_Welche Meinung haben Sie zum 9-Punkte-Plan? (103)_17,0,0,0,1,2,0
VM2_Welche Meinung haben Sie zum 9-Punkte-Plan? (103)_18,0,0,1,3,2,1
VM2_Welche Meinung haben Sie zum 9-Punkte-Plan? (103)_19,0,0,1,3,2,1
VM2_Welche Meinung haben Sie zum 9-Punkte-Plan? (103)_20,0,1,1,3,2,1
VM2_Welche Meinung haben Sie zum 9-Punkte-Plan? (103)_21,0,0,0,1,4,0
VM2_Welche Meinung haben Sie zum 9-Punkte-Plan? (103)_22,0,0,0,0,1,0
VM2_Welche Meinung haben Sie zum 9-Punkte-Plan? (103)_23,0,0,0,0,2,0
VM2_Welche Meinung haben Sie zum 9-Punkte-Plan? (103)_24,0,0,0,1,3,0
VM2_Welche Meinung haben Sie zum 9-Punkte-Plan? (103)_25,0,0,0,1,4,0
VM2_Welche Meinung haben Sie zum 9-Punkte-Plan? (103)_26,0,0,0,1,3,0
VM2_Welche Meinung haben Sie zum 9-Punkte-Plan? (103)_27,0,0,0,0,3,0
VM2_Welche Meinung haben Sie zum 9-Punkte-Plan? (103)_28,0,0,0,1,2,0
VM2_Welche Meinung haben Sie zum 9-Punkte-Plan? (103)_29,0,0,1,2,2,0
VM2_Welche Meinung haben Sie zum 9-Punkte-Plan? (103)_30,0,1,0,1,2,0
VM2_Welche Meinung haben Sie zum 9-Punkte-Plan? (103)_31,0,0,0,0,2,0
VM2_Welche Meinung haben Sie zum 9-Punkte-Plan? (103)_32,0,0,1,3,3,1
VM2_Welche Meinung haben Sie zum 9-Punkte-Plan? (103)_33,0,0,1,1,4,0
VM2_Welche Meinung haben Sie zum 9-Punkte-Plan? (103)_34,0,0,0,0,2,0
VM2_Welche Meinung haben Sie zum 9-Punkte-Plan? (103)_35,0,0,0,0,2,0
VM2_Welche Meinung haben Sie zum 9-Punkte-Plan? (103)_36,0,0,1,1,2,0
VM2_Welche Meinung haben Sie zum 9-Punkte-Plan? (103)_37,0,0,0,0,2,0
VM2_Welche Meinung haben Sie zum 9-Punkte-Plan? (103)_38,0,0,0,1,2,0
VM2_Welche Meinung haben Sie zum 9-Punkte-Plan? (103)_39,0,0,0,2,2,0
VM2_Welche Meinung haben Sie zum 9-Punkte-Plan? (103)_40,0,0,1,3,3,1
VM2_Welche Meinung haben Sie zum 9-Punkte-Plan? (103)_41,0,0,0,1,4,0
VM2_Welche Meinung haben Sie zum 9-Punkte-Plan? (103)_42,0,0,0,0,2,0
VM2_Welche Meinung haben Sie zum 9-Punkte-Plan? (103)_43,0,0,1,2,3,0
VM2_Welche Meinung haben Sie zum 9-Punkte-Plan? (103)_44,0,0,0,1,1,0
VM2_Welche Meinung haben Sie zum 9-Punkte-Plan? (103)_45,0,0,0,0,4,0
VM2_Welche Meinung haben Sie zum 9-Punkte-Plan? (103)_46,0,0,1,1,2,1
VM2_Welche Meinung haben Sie zum 9-Punkte-Plan? (103)_47,0,0,1,3,2,1
VM2_Welche Meinung haben Sie zum 9-Punkte-Plan? (103)_48,0,0,1,2,3,0
VM2_Welche Meinung haben Sie zum 9-Punkte-Plan? (103)_49,0,0,0,0,3,0
VM2_Welche Meinung haben Sie zum 9-Punkte-Plan? (103)_50,1,1,1,3,3,1
VM2_Welche Meinung haben Sie zum 9-Punkte-Plan? (103)_51,0,0,0,1,1,0
VM2_Welche Meinung haben Sie zum 9-Punkte-Plan? (103)_52,0,0,0,0,2,0
VM2_Welche Meinung haben Sie zum 9-Punkte-Plan? (103)_53,0,0,0,1,2,0
VM2_Welche Meinung haben Sie zum 9-Punkte-Plan? (103)_54,0,0,1,0,2,0
VM2_Welche Meinung haben Sie zum 9-Punkte-Plan? (103)_55,0,0,1,2,3,0
VM2_Welche Meinung haben Sie zum 9-Punkte-Plan? (103)_56,0,0,1,1,2,0
VM2_Welche Meinung haben Sie zum 9-Punkte-Plan? (103)_57,0,0,1,3,3,1
VM2_Welche Meinung haben Sie zum 9-Punkte-Plan? (103)_58,0,0,0,2,3,0
VM2_Welche Meinung haben Sie zum 9-Punkte-Plan? (103)_59,0,0,0,1,4,0
VM2_Welche Meinung haben Sie zum 9-Punkte-Plan? (103)_60,0,0,0,1,3,0
VM2_Welche Meinung haben Sie zum 9-Punkte-Plan? (103)_61,0,0,0,0,3,0
VM2_Welche Meinung haben Sie zum 9-Punkte-Plan? (103)_62,1,0,1,3,3,0
VM2_Welche Meinung haben Sie zum 9-Punkte-Plan? (103)_63,0,1,1,3,3,1
VM2_Welche Meinung haben Sie zum 9-Punkte-Plan? (103)_64,0,0,1,3,2,1
VM2_Welche Meinung haben Sie zum 9-Punkte-Plan? (103)_65,0,0,0,0,1,0
VM2_Welche Meinung haben Sie zum 9-Punkte-Plan? (103)_66,0,0,1,3,3,1
VM2_Welche Meinung haben Sie zum 9-Punkte-Plan? (103)_67,0,0,1,1,2,1
VM2_Welche Meinung haben Sie zum 9-Punkte-Plan? (103)_68,0,0,1,1,1,1
VM2_Welche Meinung haben Sie zum 9-Punkte-Plan? (103)_69,0,0,0,1,1,0
VM2_Welche Meinung haben Sie zum 9-Punkte-Plan? (103)_70,0,0,1,3,3,1
VM2_Welche Meinung haben Sie zum 9-Punkte-Plan? (103)_71,0,0,0,1,4,0
VM2_Welche Meinung haben Sie zum 9-Punkte-Plan? (103)_72,0,0,0,1,3,0
VM2_Welche Meinung haben Sie zum 9-Punkte-Plan? (103)_73,0,0,0,1,3,0
VM2_Welche Meinung haben Sie zum 9-Punkte-Plan? (103)_74,0,0,0,0,1,0
VM2_Welche Meinung haben Sie zum 9-Punkte-Plan? (103)_75,0,0,0,0,4,0
VM2_Welche Meinung haben Sie zum 9-Punkte-Plan? (103)_76,0,0,0,0,2,0
VM2_Welche Meinung haben Sie zum 9-Punkte-Plan? (103)_77,0,0,0,0,2,0
VM2_Welche Meinung haben Sie zum 9-Punkte-Plan? (103)_78,0,0,1,1,3,1
VM2_Welche Meinung haben Sie zum 9-Punkte-Plan? (103)_79,0,0,1,1,3,0
VM2_Welche Meinung haben Sie zum 9-Punkte-Plan? (103)_80,0,0,0,3,3,0
VM2_Welche Meinung haben Sie zum 9-Punkte-Plan? (103)_81,0,1,1,3,2,1
VM2_Welche Meinung haben Sie zum 9-Punkte-Plan? (103)_82,0,0,1,1,2,1
VM2_Welche Meinung haben Sie zum 9-Punkte-Plan? (103)_83,0,0,0,2,2,0
VM2_Welche Meinung haben Sie zum 9-Punkte-Plan? (103)_84,0,0,1,2,3,0
VM2_Welche Meinung haben Sie zum 9-Punkte-Plan? (103)_85,0,0,1,3,2,0
VM2_Welche Meinung haben Sie zum 9-Punkte-Plan? (103)_86,0,0,0,1,2,0
VM2_Welche Meinung haben Sie zum 9-Punkte-Plan? (103)_87,0,0,1,2,2,0
VM2_Welche Meinung haben Sie zum 9-Punkte-Plan? (103)_88,0,0,1,2,2,1
VM2_Welche Meinung haben Sie zum 9-Punkte-Plan? (103)_89,0,1,1,3,3,1
VM2_Welche Meinung haben Sie zum 9-Punkte-Plan? (103)_90,0,0,1,2,2,1
VM2_Welche Meinung haben Sie zum 9-Punkte-Plan? (103)_91,0,0,0,2,3,0
VM2_Welche Meinung haben Sie zum 9-Punkte-Plan? (103)_92,0,0,1,1,2,1
VM2_Welche Meinung haben Sie zum 9-Punkte-Plan? (103)_93,0,0,0,0,1,0
VM2_Welche Meinung haben Sie zum 9-Punkte-Plan? (103)_94,0,1,1,2,2,1
VM2_Welche Meinung haben Sie zum 9-Punkte-Plan? (103)_95,0,0,1,1,4,0
VM2_Welche Meinung haben Sie zum 9-Punkte-Plan? (103)_96,0,0,1,3,2,1
VM2_Welche Meinung haben Sie zum 9-Punkte-Plan? (103)_97,1,1,1,2,3,0
VM2_Welche Meinung haben Sie zum 9-Punkte-Plan? (103)_98,0,0,0,0,3,0
VM2_Welche Meinung haben Sie zum 9-Punkte-Plan? (103)_99,0,0,1,2,2,0
VM2_Welche Meinung haben Sie zum 9-Punkte-Plan? (103)_100,1,1,1,2,2,1
VM2_Welche Meinung haben Sie zum 9-Punkte-Plan? (103)_101,0,0,1,2,2,0
VM2_Welche Meinung haben Sie zum 9-Punkte-Plan? (103)_102,0,0,0,0,3,0
VM2_Welche Meinung haben Sie zum 9-Punkte-Plan? (103)_103,0,1,0,0,2,0
VM2_Was denken Sie: Wie lässt sich Terror stoppen? (69)_8,0,0,1,3,2,1
VM2_Was denken Sie: Wie lässt sich Terror stoppen? (69)_9,0,0,1,3,4,0
VM2_Was denken Sie: Wie lässt sich Terror stoppen? (69)_10,0,0,0,2,2,0
VM2_Was denken Sie: Wie lässt sich Terror stoppen? (69)_11,0,0,0,1,4,0
VM2_Was denken Sie: Wie lässt sich Terror stoppen? (69)_12,0,0,1,2,2,1
VM2_Was denken Sie: Wie lässt sich Terror stoppen? (69)_13,0,0,1,1,2,1
VM2_Was denken Sie: Wie lässt sich Terror stoppen? (69)_14,0,1,1,2,2,1
VM2_Was denken Sie: Wie lässt sich Terror stoppen? (69)_15,0,0,1,2,2,0
VM2_Was denken Sie: Wie lässt sich Terror stoppen? (69)_16,0,0,0,0,4,0
VM2_Was denken Sie: Wie lässt sich Terror stoppen? (69)_17,0,1,1,2,2,1
VM2_Was denken Sie: Wie lässt sich Terror stoppen? (69)_18,0,0,1,1,4,0
VM2_Was denken Sie: Wie lässt sich Terror stoppen? (69)_19,0,0,1,3,2,1
VM2_Was denken Sie: Wie lässt sich Terror stoppen? (69)_20,1,1,0,2,3,0
VM2_Was denken Sie: Wie lässt sich Terror stoppen? (69)_21,0,0,1,2,2,1
VM2_Was denken Sie: Wie lässt sich Terror stoppen? (69)_22,0,0,0,2,2,0
VM2_Was denken Sie: Wie lässt sich Terror stoppen? (69)_23,0,1,0,1,1,0
VM2_Was denken Sie: Wie lässt sich Terror stoppen? (69)_24,0,0,1,2,2,1
VM2_Was denken Sie: Wie lässt sich Terror stoppen? (69)_25,0,0,0,1,2,0
VM2_Was denken Sie: Wie lässt sich Terror stoppen? (69)_26,0,1,1,3,2,1
VM2_Was denken Sie: Wie lässt sich Terror stoppen? (69)_27,0,0,1,1,2,0
VM2_Was denken Sie: Wie lässt sich Terror stoppen? (69)_28,0,0,1,3,2,1
VM2_Was denken Sie: Wie lässt sich Terror stoppen? (69)_29,0,0,0,1,2,0
VM2_Was denken Sie: Wie lässt sich Terror stoppen? (69)_30,0,0,0,2,1,0
VM2_Was denken Sie: Wie lässt sich Terror stoppen? (69)_31,0,0,0,2,2,0
VM2_Was denken Sie: Wie lässt sich Terror stoppen? (69)_32,1,1,0,2,4,0
VM2_Was denken Sie: Wie lässt sich Terror stoppen? (69)_33,0,0,1,2,4,0
VM2_Was denken Sie: Wie lässt sich Terror stoppen? (69)_34,0,0,1,3,2,1
VM2_Was denken Sie: Wie lässt sich Terror stoppen? (69)_35,1,1,0,2,3,0
VM2_Was denken Sie: Wie lässt sich Terror stoppen? (69)_36,0,0,0,0,4,0
VM2_Was denken Sie: Wie lässt sich Terror stoppen? (69)_37,0,0,0,1,2,0
VM2_Was denken Sie: Wie lässt sich Terror stoppen? (69)_38,0,0,0,1,2,0
VM2_Was denken Sie: Wie lässt sich Terror stoppen? (69)_39,0,0,1,2,4,0
VM2_Was denken Sie: Wie lässt sich Terror stoppen? (69)_40,1,1,0,1,3,0
VM2_Was denken Sie: Wie lässt sich Terror stoppen? (69)_41,0,0,0,2,2,0
VM2_Was denken Sie: Wie lässt sich Terror stoppen? (69)_42,0,0,1,2,2,1
VM2_Was denken Sie: Wie lässt sich Terror stoppen? (69)_43,0,0,1,3,2,1
VM2_Was denken Sie: Wie lässt sich Terror stoppen? (69)_44,0,0,0,1,2,0
VM2_Was denken Sie: Wie lässt sich Terror stoppen? (69)_45,0,0,1,2,2,1
VM2_Was denken Sie: Wie lässt sich Terror stoppen? (69)_46,0,0,1,2,2,0
VM2_Was denken Sie: Wie lässt sich Terror stoppen? (69)_47,0,0,1,2,1,0
VM2_Was denken Sie: Wie lässt sich Terror stoppen? (69)_48,0,0,1,2,2,1
VM2_Was denken Sie: Wie lässt sich Terror stoppen? (69)_49,0,0,1,2,1,0
VM2_Was denken Sie: Wie lässt sich Terror stoppen? (69)_50,0,0,0,2,2,0
VM2_Was denken Sie: Wie lässt sich Terror stoppen? (69)_51,0,1,0,2,2,0
VM2_Was denken Sie: Wie lässt sich Terror stoppen? (69)_52,0,0,1,1,2,1
VM2_Was denken Sie: Wie lässt sich Terror stoppen? (69)_53,0,1,1,2,2,1
VM2_Was denken Sie: Wie lässt sich Terror stoppen? (69)_54,0,1,1,2,3,1
VM2_Was denken Sie: Wie lässt sich Terror stoppen? (69)_55,0,0,1,1,2,1
VM2_Was denken Sie: Wie lässt sich Terror stoppen? (69)_56,0,0,1,3,2,1
VM2_Was denken Sie: Wie lässt sich Terror stoppen? (69)_57,0,0,0,0,4,0
VM2_Was denken Sie: Wie lässt sich Terror stoppen? (69)_58,0,0,0,1,4,0
VM2_Was denken Sie: Wie lässt sich Terror stoppen? (69)_59,0,0,0,1,2,0
VM2_Was denken Sie: Wie lässt sich Terror stoppen? (69)_60,0,0,1,2,2,1
VM2_Was denken Sie: Wie lässt sich Terror stoppen? (69)_61,0,0,1,2,2,1
VM2_Was denken Sie: Wie lässt sich Terror stoppen? (69)_62,0,0,1,1,4,1
VM2_Was denken Sie: Wie lässt sich Terror stoppen? (69)_63,0,0,0,1,2,0
VM2_Was denken Sie: Wie lässt sich Terror stoppen? (69)_64,0,0,1,1,2,1
VM2_Was denken Sie: Wie lässt sich Terror stoppen? (69)_65,0,0,1,2,2,1
VM2_Was denken Sie: Wie lässt sich Terror stoppen? (69)_66,0,1,1,2,2,1
VM2_Was denken Sie: Wie lässt sich Terror stoppen? (69)_67,0,0,1,2,2,1
VM2_Was denken Sie: Wie lässt sich Terror stoppen? (69)_68,0,0,0,1,2,0
VM2_Was denken Sie: Wie lässt sich Terror stoppen? (69)_69,0,0,1,3,4,0
VM2_Was sind Ihre persönlichen Erfahrungen mit Terror? (45)_7,1,1,0,1,3,0
VM2_Was sind Ihre persönlichen Erfahrungen mit Terror? (45)_8,1,0,0,1,4,0
VM2_Was sind Ihre persönlichen Erfahrungen mit Terror? (45)_9,1,1,0,0,1,0
VM2_Was sind Ihre persönlichen Erfahrungen mit Terror? (45)_10,1,1,0,1,2,0
VM2_Was sind Ihre persönlichen Erfahrungen mit Terror? (45)_11,1,1,0,1,3,0
VM2_Was sind Ihre persönlichen Erfahrungen mit Terror? (45)_12,0,0,0,1,2,0
VM2_Was sind Ihre persönlichen Erfahrungen mit Terror? (45)_13,1,1,0,1,3,0
VM2_Was sind Ihre persönlichen Erfahrungen mit Terror? (45)_14,1,0,0,2,2,0
VM2_Was sind Ihre persönlichen Erfahrungen mit Terror? (45)_15,1,0,0,1,2,0
VM2_Was sind Ihre persönlichen Erfahrungen mit Terror? (45)_16,1,1,0,1,2,0
VM2_Was sind Ihre persönlichen Erfahrungen mit Terror? (45)_17,1,1,0,2,2,0
VM2_Was sind Ihre persönlichen Erfahrungen mit Terror? (45)_18,1,1,1,3,2,1
VM2_Was sind Ihre persönlichen Erfahrungen mit Terror? (45)_19,1,1,1,3,3,1
VM2_Was sind Ihre persönlichen Erfahrungen mit Terror? (45)_20,1,0,0,0,4,0
VM2_Was sind Ihre persönlichen Erfahrungen mit Terror? (45)_21,1,1,0,0,2,0
VM2_Was sind Ihre persönlichen Erfahrungen mit Terror? (45)_22,1,1,0,1,4,0
VM2_Was sind Ihre persönlichen Erfahrungen mit Terror? (45)_23,1,1,0,1,2,0
VM2_Was sind Ihre persönlichen Erfahrungen mit Terror? (45)_24,1,1,0,2,2,0
VM2_Was sind Ihre persönlichen Erfahrungen mit Terror? (45)_25,1,1,0,0,1,0
VM2_Was sind Ihre persönlichen Erfahrungen mit Terror? (45)_26,1,1,0,1,3,0
VM2_Was sind Ihre persönlichen Erfahrungen mit Terror? (45)_27,1,1,0,2,3,0
VM2_Was sind Ihre persönlichen Erfahrungen mit Terror? (45)_28,1,1,0,1,3,0
VM2_Was sind Ihre persönlichen Erfahrungen mit Terror? (45)_29,1,1,0,2,3,0
VM2_Was sind Ihre persönlichen Erfahrungen mit Terror? (45)_30,1,1,0,1,3,0
VM2_Was sind Ihre persönlichen Erfahrungen mit Terror? (45)_31,1,0,0,1,1,0
VM2_Was sind Ihre persönlichen Erfahrungen mit Terror? (45)_32,1,1,0,1,3,0
VM2_Was sind Ihre persönlichen Erfahrungen mit Terror? (45)_33,1,0,0,0,4,0
VM2_Was sind Ihre persönlichen Erfahrungen mit Terror? (45)_34,1,1,0,1,2,0
VM2_Was sind Ihre persönlichen Erfahrungen mit Terror? (45)_35,0,1,0,2,2,0
VM2_Was sind Ihre persönlichen Erfahrungen mit Terror? (45)_36,1,1,0,1,3,0
VM2_Was sind Ihre persönlichen Erfahrungen mit Terror? (45)_37,1,1,1,3,3,1
VM2_Was sind Ihre persönlichen Erfahrungen mit Terror? (45)_38,1,1,0,1,3,0
VM2_Was sind Ihre persönlichen Erfahrungen mit Terror? (45)_39,1,1,0,1,2,0
VM2_Was sind Ihre persönlichen Erfahrungen mit Terror? (45)_40,1,0,1,2,1,0
VM2_Was sind Ihre persönlichen Erfahrungen mit Terror? (45)_41,1,0,0,1,4,0
VM2_Was sind Ihre persönlichen Erfahrungen mit Terror? (45)_42,1,0,0,0,1,0
VM2_Was sind Ihre persönlichen Erfahrungen mit Terror? (45)_43,0,0,0,0,4,0
VM2_Was sind Ihre persönlichen Erfahrungen mit Terror? (45)_44,1,1,0,2,3,0
VM2_Was sind Ihre persönlichen Erfahrungen mit Terror? (45)_45,1,1,0,1,3,0
VM2_Wie bewerten Sie den 9-Punkte-Plan insgesamt? (54)_2,0,0,1,1,2,1
VM2_Wie bewerten Sie den 9-Punkte-Plan insgesamt? (54)_3,0,0,0,0,1,0
VM2_Wie bewerten Sie den 9-Punkte-Plan insgesamt? (54)_4,0,0,0,0,2,0
VM2_Wie bewerten Sie den 9-Punkte-Plan insgesamt? (54)_5,0,0,1,2,3,1
VM2_Wie bewerten Sie den 9-Punkte-Plan insgesamt? (54)_6,0,1,0,2,2,0
VM2_Wie bewerten Sie den 9-Punkte-Plan insgesamt? (54)_7,0,0,0,0,1,0
VM2_Wie bewerten Sie den 9-Punkte-Plan insgesamt? (54)_8,0,0,0,0,4,0
VM2_Wie bewerten Sie den 9-Punkte-Plan insgesamt? (54)_9,0,0,0,2,3,1
VM2_Wie bewerten Sie den 9-Punkte-Plan insgesamt? (54)_10,0,0,0,1,3,0
VM2_Wie bewerten Sie den 9-Punkte-Plan insgesamt? (54)_11,0,0,1,2,3,1
VM2_Wie bewerten Sie den 9-Punkte-Plan insgesamt? (54)_12,0,0,0,0,2,0
VM2_Wie bewerten Sie den 9-Punkte-Plan insgesamt? (54)_13,0,0,1,1,1,0
VM2_Wie bewerten Sie den 9-Punkte-Plan insgesamt? (54)_14,0,0,0,0,3,0
VM2_Wie bewerten Sie den 9-Punkte-Plan insgesamt? (54)_15,0,0,0,0,4,0
VM2_Wie bewerten Sie den 9-Punkte-Plan insgesamt? (54)_16,0,0,1,1,3,0
VM2_Wie bewerten Sie den 9-Punkte-Plan insgesamt? (54)_17,0,0,0,0,4,0
VM2_Wie bewerten Sie den 9-Punkte-Plan insgesamt? (54)_18,0,0,0,1,3,0
VM2_Wie bewerten Sie den 9-Punkte-Plan insgesamt? (54)_19,0,0,1,1,2,1
VM2_Wie bewerten Sie den 9-Punkte-Plan insgesamt? (54)_20,0,1,1,1,2,0
VM2_Wie bewerten Sie den 9-Punkte-Plan insgesamt? (54)_21,0,0,0,1,2,0
VM2_Wie bewerten Sie den 9-Punkte-Plan insgesamt? (54)_22,0,0,1,2,2,0
VM2_Wie bewerten Sie den 9-Punkte-Plan insgesamt? (54)_23,0,0,0,0,2,0
VM2_Wie bewerten Sie den 9-Punkte-Plan insgesamt? (54)_24,0,0,1,1,2,0
VM2_Wie bewerten Sie den 9-Punkte-Plan insgesamt? (54)_25,0,0,0,0,4,0
VM2_Wie bewerten Sie den 9-Punkte-Plan insgesamt? (54)_26,0,0,0,2,4,0
VM2_Wie bewerten Sie den 9-Punkte-Plan insgesamt? (54)_27,0,0,0,0,2,0
VM2_Wie bewerten Sie den 9-Punkte-Plan insgesamt? (54)_28,0,0,0,0,2,0
VM2_Wie bewerten Sie den 9-Punkte-Plan insgesamt? (54)_29,0,1,1,3,2,1
VM2_Wie bewerten Sie den 9-Punkte-Plan insgesamt? (54)_30,0,0,1,3,2,1
VM2_Wie bewerten Sie den 9-Punkte-Plan insgesamt? (54)_31,0,0,1,1,1,1
VM2_Wie bewerten Sie den 9-Punkte-Plan insgesamt? (54)_32,0,0,0,2,1,0
VM2_Wie bewerten Sie den 9-Punkte-Plan insgesamt? (54)_33,0,1,0,0,4,0
VM2_Wie bewerten Sie den 9-Punkte-Plan insgesamt? (54)_34,0,0,0,1,4,0
VM2_Wie bewerten Sie den 9-Punkte-Plan insgesamt? (54)_35,0,0,0,1,1,0
VM2_Wie bewerten Sie den 9-Punkte-Plan insgesamt? (54)_36,0,0,1,1,2,1
VM2_Wie bewerten Sie den 9-Punkte-Plan insgesamt? (54)_37,0,0,0,0,3,0
VM2_Wie bewerten Sie den 9-Punkte-Plan insgesamt? (54)_38,0,0,1,1,3,0
VM2_Wie bewerten Sie den 9-Punkte-Plan insgesamt? (54)_39,0,0,0,0,2,0
VM2_Wie bewerten Sie den 9-Punkte-Plan insgesamt? (54)_40,0,0,0,2,2,0
VM2_Wie bewerten Sie den 9-Punkte-Plan insgesamt? (54)_41,0,1,0,1,3,0
VM2_Wie bewerten Sie den 9-Punkte-Plan insgesamt? (54)_42,0,0,0,0,4,0
VM2_Wie bewerten Sie den 9-Punkte-Plan insgesamt? (54)_43,0,0,0,1,3,0
VM2_Wie bewerten Sie den 9-Punkte-Plan insgesamt? (54)_44,0,0,1,1,2,0
VM2_Wie bewerten Sie den 9-Punkte-Plan insgesamt? (54)_45,0,0,1,3,2,1
VM2_Wie bewerten Sie den 9-Punkte-Plan insgesamt? (54)_46,0,0,1,2,2,1
VM2_Wie bewerten Sie den 9-Punkte-Plan insgesamt? (54)_47,0,0,1,1,2,1
VM2_Wie bewerten Sie den 9-Punkte-Plan insgesamt? (54)_48,0,0,1,2,3,1
VM2_Wie bewerten Sie den 9-Punkte-Plan insgesamt? (54)_49,0,1,0,0,2,0
VM2_Wie bewerten Sie den 9-Punkte-Plan insgesamt? (54)_50,0,0,0,0,3,0
VM2_Wie bewerten Sie den 9-Punkte-Plan insgesamt? (54)_51,0,0,0,0,4,0
VM2_Wie bewerten Sie den 9-Punkte-Plan insgesamt? (54)_52,0,0,1,1,3,0
VM2_Wie bewerten Sie den 9-Punkte-Plan insgesamt? (54)_53,0,0,1,1,2,0
VM2_Wie bewerten Sie den 9-Punkte-Plan insgesamt? (54)_54,0,0,0,0,4,0
VM2_Welche Schulnote würden Sie dem 9-Punkte-Plan geben? (22)_2,0,0,0,2,1,0
VM2_Welche Schulnote würden Sie dem 9-Punkte-Plan geben? (22)_3,1,1,1,3,3,0
VM2_Welche Schulnote würden Sie dem 9-Punkte-Plan geben? (22)_4,0,0,1,2,2,1
VM2_Welche Schulnote würden Sie dem 9-Punkte-Plan geben? (22)_5,1,0,1,3,3,1
VM2_Welche Schulnote würden Sie dem 9-Punkte-Plan geben? (22)_6,0,0,1,2,2,0
VM2_Welche Schulnote würden Sie dem 9-Punkte-Plan geben? (22)_7,0,0,0,0,4,0
VM2_Welche Schulnote würden Sie dem 9-Punkte-Plan geben? (22)_8,0,1,1,3,2,1
VM2_Welche Schulnote würden Sie dem 9-Punkte-Plan geben? (22)_9,0,0,0,0,3,0
VM2_Welche Schulnote würden Sie dem 9-Punkte-Plan geben? (22)_10,0,0,1,2,1,1
VM2_Welche Schulnote würden Sie dem 9-Punkte-Plan geben? (22)_11,0,0,0,0,1,0
VM2_Welche Schulnote würden Sie dem 9-Punkte-Plan geben? (22)_12,0,0,0,0,3,0
VM2_Welche Schulnote würden Sie dem 9-Punkte-Plan geben? (22)_13,0,0,0,0,1,0
VM2_Welche Schulnote würden Sie dem 9-Punkte-Plan geben? (22)_14,0,0,0,0,2,0
VM2_Welche Schulnote würden Sie dem 9-Punkte-Plan geben? (22)_15,0,0,1,2,2,1
VM2_Welche Schulnote würden Sie dem 9-Punkte-Plan geben? (22)_16,0,1,0,1,2,0
VM2_Welche Schulnote würden Sie dem 9-Punkte-Plan geben? (22)_17,0,0,0,0,3,0
VM2_Welche Schulnote würden Sie dem 9-Punkte-Plan geben? (22)_18,0,1,1,2,2,1
VM2_Welche Schulnote würden Sie dem 9-Punkte-Plan geben? (22)_19,0,0,0,0,1,0
VM2_Welche Schulnote würden Sie dem 9-Punkte-Plan geben? (22)_20,0,0,0,1,1,0
VM2_Welche Schulnote würden Sie dem 9-Punkte-Plan geben? (22)_21,0,0,0,1,3,0
VM2_Welche Schulnote würden Sie dem 9-Punkte-Plan geben? (22)_22,0,0,0,1,4,0
VM2_Welche Punkte würden Sie ergänzen? (58)_3,0,0,0,0,4,0
VM2_Welche Punkte würden Sie ergänzen? (58)_4,0,0,1,2,4,0
VM2_Welche Punkte würden Sie ergänzen? (58)_5,0,0,0,0,2,0
VM2_Welche Punkte würden Sie ergänzen? (58)_6,0,0,1,2,2,1
VM2_Welche Punkte würden Sie ergänzen? (58)_7,0,0,1,1,2,1
VM2_Welche Punkte würden Sie ergänzen? (58)_8,0,1,1,2,2,1
VM2_Welche Punkte würden Sie ergänzen? (58)_9,0,0,1,1,2,1
VM2_Welche Punkte würden Sie ergänzen? (58)_10,0,0,0,0,1,0
VM2_Welche Punkte würden Sie ergänzen? (58)_11,0,0,1,1,2,1
VM2_Welche Punkte würden Sie ergänzen? (58)_12,0,0,0,1,4,0
VM2_Welche Punkte würden Sie ergänzen? (58)_13,0,1,0,2,1,0
VM2_Welche Punkte würden Sie ergänzen? (58)_14,0,0,1,2,4,1
VM2_Welche Punkte würden Sie ergänzen? (58)_15,0,0,1,2,4,0
VM2_Welche Punkte würden Sie ergänzen? (58)_16,0,0,1,2,1,1
VM2_Welche Punkte würden Sie ergänzen? (58)_17,0,0,1,2,4,1
VM2_Welche Punkte würden Sie ergänzen? (58)_18,0,0,1,1,1,0
VM2_Welche Punkte würden Sie ergänzen? (58)_19,0,0,0,1,2,0
VM2_Welche Punkte würden Sie ergänzen? (58)_20,0,0,1,3,2,1
VM2_Welche Punkte würden Sie ergänzen? (58)_21,0,0,1,2,1,1
VM2_Welche Punkte würden Sie ergänzen? (58)_22,0,0,0,0,4,0
VM2_Welche Punkte würden Sie ergänzen? (58)_23,0,0,1,2,2,0
VM2_Welche Punkte würden Sie ergänzen? (58)_24,0,0,1,3,2,0
VM2_Welche Punkte würden Sie ergänzen? (58)_25,0,0,1,1,2,0
VM2_Welche Punkte würden Sie ergänzen? (58)_26,0,0,0,1,1,0
VM2_Welche Punkte würden Sie ergänzen? (58)_27,0,0,1,2,4,1
VM2_Welche Punkte würden Sie ergänzen? (58)_28,0,0,1,3,3,1
VM2_Welche Punkte würden Sie ergänzen? (58)_29,0,0,1,1,2,1
VM2_Welche Punkte würden Sie ergänzen? (58)_30,0,0,0,1,4,0
VM2_Welche Punkte würden Sie ergänzen? (58)_31,0,0,0,2,4,0
VM2_Welche Punkte würden Sie ergänzen? (58)_32,0,1,1,3,2,1
VM2_Welche Punkte würden Sie ergänzen? (58)_33,0,0,1,2,4,1
VM2_Welche Punkte würden Sie ergänzen? (58)_34,0,0,0,1,4,0
VM2_Welche Punkte würden Sie ergänzen? (58)_35,0,1,1,3,2,1
VM2_Welche Punkte würden Sie ergänzen? (58)_36,1,0,0,2,4,0
VM2_Welche Punkte würden Sie ergänzen? (58)_37,0,0,1,2,4,0
VM2_Welche Punkte würden Sie ergänzen? (58)_38,0,0,1,3,2,1
VM2_Welche Punkte würden Sie ergänzen? (58)_39,0,0,1,2,4,0
VM2_Welche Punkte würden Sie ergänzen? (58)_40,0,0,1,2,2,0
VM2_Welche Punkte würden Sie ergänzen? (58)_41,0,0,0,1,1,0
VM2_Welche Punkte würden Sie ergänzen? (58)_42,0,0,1,2,1,0
VM2_Welche Punkte würden Sie ergänzen? (58)_43,0,0,1,1,2,0
VM2_Welche Punkte würden Sie ergänzen? (58)_44,0,0,1,1,2,1
VM2_Welche Punkte würden Sie ergänzen? (58)_45,0,0,0,1,4,0
VM2_Welche Punkte würden Sie ergänzen? (58)_46,0,0,0,1,4,0
VM2_Welche Punkte würden Sie ergänzen? (58)_47,0,0,1,2,4,0
VM2_Welche Punkte würden Sie ergänzen? (58)_48,0,0,1,2,1,0
VM2_Welche Punkte würden Sie ergänzen? (58)_49,0,0,0,1,4,0
VM2_Welche Punkte würden Sie ergänzen? (58)_50,0,1,1,3,2,1
VM2_Welche Punkte würden Sie ergänzen? (58)_51,0,0,0,1,4,0
VM2_Welche Punkte würden Sie ergänzen? (58)_52,0,0,1,1,2,1
VM2_Welche Punkte würden Sie ergänzen? (58)_53,0,0,1,1,2,1
VM2_Welche Punkte würden Sie ergänzen? (58)_54,0,0,1,1,4,1
VM2_Welche Punkte würden Sie ergänzen? (58)_55,0,0,0,0,3,0
VM2_Welche Punkte würden Sie ergänzen? (58)_56,0,0,1,2,3,1
VM2_Welche Punkte würden Sie ergänzen? (58)_57,0,0,1,1,4,1
VM2_Welche Punkte würden Sie ergänzen? (58)_58,0,1,0,0,2,0
VM2_Worum geht es bei der Studie? (7)_2,0,0,1,2,2,0
VM2_Worum geht es bei der Studie? (7)_3,0,0,0,1,2,0
VM2_Worum geht es bei der Studie? (7)_4,0,0,0,0,4,0
VM2_Worum geht es bei der Studie? (7)_5,0,0,0,0,1,0
VM2_Worum geht es bei der Studie? (7)_6,0,0,1,2,2,0
VM2_Worum geht es bei der Studie? (7)_7,0,1,0,1,2,0
VM2_Worum geht es bei der Studie? (7)_8,0,1,1,1,2,0
VM2_Wie wurde der 9-Punkte-Plan in den Medien bewertet? (10)_2,0,0,0,0,2,0
VM2_Wie wurde der 9-Punkte-Plan in den Medien bewertet? (10)_3,0,1,1,3,3,1
VM2_Wie wurde der 9-Punkte-Plan in den Medien bewertet? (10)_4,0,1,1,2,2,1
VM2_Wie wurde der 9-Punkte-Plan in den Medien bewertet? (10)_5,1,1,1,3,2,1
VM2_Wie wurde der 9-Punkte-Plan in den Medien bewertet? (10)_6,0,0,0,0,1,0
VM2_Wie wurde der 9-Punkte-Plan in den Medien bewertet? (10)_7,0,0,1,2,2,1
VM2_Wie wurde der 9-Punkte-Plan in den Medien bewertet? (10)_8,0,0,1,2,2,1
VM2_Wie wurde der 9-Punkte-Plan in den Medien bewertet? (10)_9,1,1,0,1,4,0
VM2_Wie wurde der 9-Punkte-Plan in den Medien bewertet? (10)_10,0,0,1,2,2,0
VM2_Welche Inhalte hat der 9-Punkte-Plan? (10)_2,1,1,1,3,3,1
VM2_Welche Inhalte hat der 9-Punkte-Plan? (10)_3,0,0,0,0,1,0
VM2_Welche Inhalte hat der 9-Punkte-Plan? (10)_4,0,0,1,1,3,0
VM2_Welche Inhalte hat der 9-Punkte-Plan? (10)_5,0,0,1,1,3,0
VM2_Welche Inhalte hat der 9-Punkte-Plan? (10)_6,0,0,0,0,1,0
VM2_Welche Inhalte hat der 9-Punkte-Plan? (10)_7,0,0,0,0,2,0
VM2_Welche Inhalte hat der 9-Punkte-Plan? (10)_8,0,1,0,1,2,0
VM2_Welche Inhalte hat der 9-Punkte-Plan? (10)_9,0,0,1,3,2,1
VM2_Welche Inhalte hat der 9-Punkte-Plan? (10)_10,0,1,0,0,3,0
VM2_Netiquette (3)_2,0,0,0,0,1,0
VM2_Netiquette (3)_3,0,0,0,0,1,0
VM3_Welche Meinung haben Sie zum 9-Punkte-Plan? (125)_7,0,0,1,1,3,0
VM3_Welche Meinung haben Sie zum 9-Punkte-Plan? (125)_8,0,0,1,1,1,0
VM3_Welche Meinung haben Sie zum 9-Punkte-Plan? (125)_9,0,0,1,2,2,0
VM3_Welche Meinung haben Sie zum 9-Punkte-Plan? (125)_10,0,0,0,0,2,0
VM3_Welche Meinung haben Sie zum 9-Punkte-Plan? (125)_11,0,0,1,2,2,1
VM3_Welche Meinung haben Sie zum 9-Punkte-Plan? (125)_12,0,0,1,1,2,1
VM3_Welche Meinung haben Sie zum 9-Punkte-Plan? (125)_13,0,0,0,0,2,0
VM3_Welche Meinung haben Sie zum 9-Punkte-Plan? (125)_14,0,0,0,0,3,0
VM3_Welche Meinung haben Sie zum 9-Punkte-Plan? (125)_15,0,0,0,0,1,0
VM3_Welche Meinung haben Sie zum 9-Punkte-Plan? (125)_16,0,0,1,1,4,1
VM3_Welche Meinung haben Sie zum 9-Punkte-Plan? (125)_17,0,0,1,1,1,1
VM3_Welche Meinung haben Sie zum 9-Punkte-Plan? (125)_18,0,0,1,3,3,1
VM3_Welche Meinung haben Sie zum 9-Punkte-Plan? (125)_19,0,1,1,3,2,1
VM3_Welche Meinung haben Sie zum 9-Punkte-Plan? (125)_20,0,0,0,0,1,0
VM3_Welche Meinung haben Sie zum 9-Punkte-Plan? (125)_21,0,0,1,1,3,1
VM3_Welche Meinung haben Sie zum 9-Punkte-Plan? (125)_22,0,0,0,2,2,0
VM3_Welche Meinung haben Sie zum 9-Punkte-Plan? (125)_23,0,0,1,1,1,0
VM3_Welche Meinung haben Sie zum 9-Punkte-Plan? (125)_24,0,0,0,1,1,0
VM3_Welche Meinung haben Sie zum 9-Punkte-Plan? (125)_25,0,0,0,0,1,0
VM3_Welche Meinung haben Sie zum 9-Punkte-Plan? (125)_26,0,0,0,1,3,0
VM3_Welche Meinung haben Sie zum 9-Punkte-Plan? (125)_27,0,1,0,1,1,0
VM3_Welche Meinung haben Sie zum 9-Punkte-Plan? (125)_28,0,0,1,2,2,1
VM3_Welche Meinung haben Sie zum 9-Punkte-Plan? (125)_29,0,1,0,0,2,0
VM3_Welche Meinung haben Sie zum 9-Punkte-Plan? (125)_30,0,0,1,2,3,1
VM3_Welche Meinung haben Sie zum 9-Punkte-Plan? (125)_31,0,0,0,2,2,0
VM3_Welche Meinung haben Sie zum 9-Punkte-Plan? (125)_32,0,0,1,1,1,1
VM3_Welche Meinung haben Sie zum 9-Punkte-Plan? (125)_33,0,1,1,2,3,1
VM3_Welche Meinung haben Sie zum 9-Punkte-Plan? (125)_34,1,1,1,3,3,1
VM3_Welche Meinung haben Sie zum 9-Punkte-Plan? (125)_35,0,0,0,1,3,0
VM3_Welche Meinung haben Sie zum 9-Punkte-Plan? (125)_36,0,0,1,2,2,1
VM3_Welche Meinung haben Sie zum 9-Punkte-Plan? (125)_37,0,0,1,3,3,1
VM3_Welche Meinung haben Sie zum 9-Punkte-Plan? (125)_38,0,0,1,2,3,0
VM3_Welche Meinung haben Sie zum 9-Punkte-Plan? (125)_39,0,0,0,0,2,0
VM3_Welche Meinung haben Sie zum 9-Punkte-Plan? (125)_40,0,0,1,2,3,0
VM3_Welche Meinung haben Sie zum 9-Punkte-Plan? (125)_41,0,1,1,2,2,1
VM3_Welche Meinung haben Sie zum 9-Punkte-Plan? (125)_42,0,0,1,2,2,1
VM3_Welche Meinung haben Sie zum 9-Punkte-Plan? (125)_43,0,0,1,0,3,0
VM3_Welche Meinung haben Sie zum 9-Punkte-Plan? (125)_44,0,0,1,2,3,1
VM3_Welche Meinung haben Sie zum 9-Punkte-Plan? (125)_45,0,0,0,1,4,0
VM3_Welche Meinung haben Sie zum 9-Punkte-Plan? (125)_46,0,0,1,2,2,1
VM3_Welche Meinung haben Sie zum 9-Punkte-Plan? (125)_47,0,0,1,2,2,1
VM3_Welche Meinung haben Sie zum 9-Punkte-Plan? (125)_48,0,0,0,1,1,0
VM3_Welche Meinung haben Sie zum 9-Punkte-Plan? (125)_49,0,0,1,2,3,1
VM3_Welche Meinung haben Sie zum 9-Punkte-Plan? (125)_50,0,0,1,1,3,0
VM3_Welche Meinung haben Sie zum 9-Punkte-Plan? (125)_51,0,0,1,1,1,1
VM3_Welche Meinung haben Sie zum 9-Punkte-Plan? (125)_52,0,0,0,2,2,0
VM3_Welche Meinung haben Sie zum 9-Punkte-Plan? (125)_53,0,1,0,1,2,0
VM3_Welche Meinung haben Sie zum 9-Punkte-Plan? (125)_54,0,0,1,2,1,1
VM3_Welche Meinung haben Sie zum 9-Punkte-Plan? (125)_55,0,0,1,3,2,0
VM3_Welche Meinung haben Sie zum 9-Punkte-Plan? (125)_56,0,1,0,2,2,0
VM3_Welche Meinung haben Sie zum 9-Punkte-Plan? (125)_57,0,0,0,0,2,0
VM3_Welche Meinung haben Sie zum 9-Punkte-Plan? (125)_58,0,0,1,3,2,1
VM3_Welche Meinung haben Sie zum 9-Punkte-Plan? (125)_59,0,0,1,2,2,1
VM3_Welche Meinung haben Sie zum 9-Punkte-Plan? (125)_60,0,0,0,1,4,0
VM3_Welche Meinung haben Sie zum 9-Punkte-Plan? (125)_61,0,0,1,1,3,0
VM3_Welche Meinung haben Sie zum 9-Punkte-Plan? (125)_62,0,0,0,0,1,0
VM3_Welche Meinung haben Sie zum 9-Punkte-Plan? (125)_63,0,0,0,0,3,0
VM3_Welche Meinung haben Sie zum 9-Punkte-Plan? (125)_64,0,0,0,0,2,0
VM3_Welche Meinung haben Sie zum 9-Punkte-Plan? (125)_65,0,0,0,0,1,0
VM3_Welche Meinung haben Sie zum 9-Punkte-Plan? (125)_66,0,0,0,1,2,0
VM3_Welche Meinung haben Sie zum 9-Punkte-Plan? (125)_67,0,0,1,2,2,0
VM3_Welche Meinung haben Sie zum 9-Punkte-Plan? (125)_68,0,0,1,1,2,1
VM3_Welche Meinung haben Sie zum 9-Punkte-Plan? (125)_69,0,0,1,3,2,1
VM3_Welche Meinung haben Sie zum 9-Punkte-Plan? (125)_70,0,0,1,1,2,0
VM3_Welche Meinung haben Sie zum 9-Punkte-Plan? (125)_71,0,0,1,1,2,1
VM3_Welche Meinung haben Sie zum 9-Punkte-Plan? (125)_72,0,0,0,1,4,0
VM3_Welche Meinung haben Sie zum 9-Punkte-Plan? (125)_73,0,0,1,1,2,1
VM3_Welche Meinung haben Sie zum 9-Punkte-Plan? (125)_74,0,0,1,1,4,1
VM3_Welche Meinung haben Sie zum 9-Punkte-Plan? (125)_75,0,0,0,1,1,0
VM3_Welche Meinung haben Sie zum 9-Punkte-Plan? (125)_76,0,0,1,1,2,1
VM3_Welche Meinung haben Sie zum 9-Punkte-Plan? (125)_77,0,1,1,2,3,0
VM3_Welche Meinung haben Sie zum 9-Punkte-Plan? (125)_78,0,0,1,2,2,0
VM3_Welche Meinung haben Sie zum 9-Punkte-Plan? (125)_79,1,1,0,2,2,0
VM3_Welche Meinung haben Sie zum 9-Punkte-Plan? (125)_80,0,0,1,1,1,1
VM3_Welche Meinung haben Sie zum 9-Punkte-Plan? (125)_81,0,0,1,2,3,0
VM3_Welche Meinung haben Sie zum 9-Punkte-Plan? (125)_82,0,0,1,3,3,1
VM3_Welche Meinung haben Sie zum 9-Punkte-Plan? (125)_83,0,0,1,2,2,1
VM3_Welche Meinung haben Sie zum 9-Punkte-Plan? (125)_84,0,0,1,1,4,1
VM3_Welche Meinung haben Sie zum 9-Punkte-Plan? (125)_85,0,0,0,0,1,0
VM3_Welche Meinung haben Sie zum 9-Punkte-Plan? (125)_86,0,0,0,0,1,0
VM3_Welche Meinung haben Sie zum 9-Punkte-Plan? (125)_87,0,0,0,1,4,0
VM3_Welche Meinung haben Sie zum 9-Punkte-Plan? (125)_88,0,0,1,1,3,0
VM3_Welche Meinung haben Sie zum 9-Punkte-Plan? (125)_89,0,0,0,2,4,0
VM3_Welche Meinung haben Sie zum 9-Punkte-Plan? (125)_90,0,0,0,1,4,0
VM3_Welche Meinung haben Sie zum 9-Punkte-Plan? (125)_91,1,0,0,1,1,0
VM3_Welche Meinung haben Sie zum 9-Punkte-Plan? (125)_92,0,0,1,3,2,1
VM3_Welche Meinung haben Sie zum 9-Punkte-Plan? (125)_93,0,1,1,2,2,1
VM3_Welche Meinung haben Sie zum 9-Punkte-Plan? (125)_94,0,0,1,3,3,1
VM3_Welche Meinung haben Sie zum 9-Punkte-Plan? (125)_95,0,0,1,2,2,0
VM3_Welche Meinung haben Sie zum 9-Punkte-Plan? (125)_96,0,0,1,1,2,0
VM3_Welche Meinung haben Sie zum 9-Punkte-Plan? (125)_97,0,0,0,0,2,0
VM3_Welche Meinung haben Sie zum 9-Punkte-Plan? (125)_98,0,0,1,3,3,1
VM3_Welche Meinung haben Sie zum 9-Punkte-Plan? (125)_99,0,0,1,1,2,0
VM3_Welche Meinung haben Sie zum 9-Punkte-Plan? (125)_100,0,0,1,3,2,1
VM3_Welche Meinung haben Sie zum 9-Punkte-Plan? (125)_101,0,0,1,2,2,1
VM3_Welche Meinung haben Sie zum 9-Punkte-Plan? (125)_102,0,0,0,0,2,0
VM3_Welche Meinung haben Sie zum 9-Punkte-Plan? (125)_103,0,1,0,2,3,0
VM3_Welche Meinung haben Sie zum 9-Punkte-Plan? (125)_104,0,0,0,2,3,0
VM3_Welche Meinung haben Sie zum 9-Punkte-Plan? (125)_105,0,0,0,0,1,0
VM3_Welche Meinung haben Sie zum 9-Punkte-Plan? (125)_106,0,0,0,0,1,0
VM3_Welche Meinung haben Sie zum 9-Punkte-Plan? (125)_107,0,0,1,2,3,0
VM3_Welche Meinung haben Sie zum 9-Punkte-Plan? (125)_108,0,0,1,1,2,1
VM3_Welche Meinung haben Sie zum 9-Punkte-Plan? (125)_109,1,1,1,3,2,1
VM3_Welche Meinung haben Sie zum 9-Punkte-Plan? (125)_110,0,0,0,2,3,0
VM3_Welche Meinung haben Sie zum 9-Punkte-Plan? (125)_111,0,1,0,0,2,0
VM3_Welche Meinung haben Sie zum 9-Punkte-Plan? (125)_112,0,0,1,2,3,0
VM3_Welche Meinung haben Sie zum 9-Punkte-Plan? (125)_113,0,0,0,0,2,0
VM3_Welche Meinung haben Sie zum 9-Punkte-Plan? (125)_114,0,0,0,0,3,0
VM3_Welche Meinung haben Sie zum 9-Punkte-Plan? (125)_115,0,0,0,0,2,0
VM3_Welche Meinung haben Sie zum 9-Punkte-Plan? (125)_116,0,0,1,1,1,0
VM3_Welche Meinung haben Sie zum 9-Punkte-Plan? (125)_117,0,0,1,2,2,0
VM3_Welche Meinung haben Sie zum 9-Punkte-Plan? (125)_118,0,0,1,2,2,1
VM3_Welche Meinung haben Sie zum 9-Punkte-Plan? (125)_119,0,0,1,1,1,0
VM3_Welche Meinung haben Sie zum 9-Punkte-Plan? (125)_120,0,0,0,0,4,0
VM3_Welche Meinung haben Sie zum 9-Punkte-Plan? (125)_121,0,0,1,2,2,1
VM3_Welche Meinung haben Sie zum 9-Punkte-Plan? (125)_122,1,0,0,1,2,0
VM3_Welche Meinung haben Sie zum 9-Punkte-Plan? (125)_123,0,0,0,0,2,0
VM3_Welche Meinung haben Sie zum 9-Punkte-Plan? (125)_124,0,0,1,2,2,0
VM3_Welche Meinung haben Sie zum 9-Punkte-Plan? (125)_125,0,0,1,3,3,1
VM3_Was denken Sie: Wie lässt sich Terror stoppen? (70)_8,0,0,1,2,4,0
VM3_Was denken Sie: Wie lässt sich Terror stoppen? (70)_9,0,0,1,2,4,1
VM3_Was denken Sie: Wie lässt sich Terror stoppen? (70)_10,0,0,1,2,2,1
VM3_Was denken Sie: Wie lässt sich Terror stoppen? (70)_11,0,0,1,2,4,0
VM3_Was denken Sie: Wie lässt sich Terror stoppen? (70)_12,0,0,1,2,2,1
VM3_Was denken Sie: Wie lässt sich Terror stoppen? (70)_13,0,1,1,3,2,1
VM3_Was denken Sie: Wie lässt sich Terror stoppen? (70)_14,0,0,0,1,2,0
VM3_Was denken Sie: Wie lässt sich Terror stoppen? (70)_15,0,0,0,1,2,0
VM3_Was denken Sie: Wie lässt sich Terror stoppen? (70)_16,0,1,1,2,2,1
VM3_Was denken Sie: Wie lässt sich Terror stoppen? (70)_17,0,0,0,2,2,0
VM3_Was denken Sie: Wie lässt sich Terror stoppen? (70)_18,0,0,1,2,2,0
VM3_Was denken Sie: Wie lässt sich Terror stoppen? (70)_19,0,0,1,2,2,1
VM3_Was denken Sie: Wie lässt sich Terror stoppen? (70)_20,0,0,0,2,3,0
VM3_Was denken Sie: Wie lässt sich Terror stoppen? (70)_21,0,0,1,2,1,0
VM3_Was denken Sie: Wie lässt sich Terror stoppen? (70)_22,0,1,1,1,2,1
VM3_Was denken Sie: Wie lässt sich Terror stoppen? (70)_23,0,0,1,2,2,1
VM3_Was denken Sie: Wie lässt sich Terror stoppen? (70)_24,0,1,1,2,2,1
VM3_Was denken Sie: Wie lässt sich Terror stoppen? (70)_25,0,0,1,2,2,1
VM3_Was denken Sie: Wie lässt sich Terror stoppen? (70)_26,0,0,1,2,4,0
VM3_Was denken Sie: Wie lässt sich Terror stoppen? (70)_27,0,0,0,0,4,0
VM3_Was denken Sie: Wie lässt sich Terror stoppen? (70)_28,0,1,1,3,2,1
VM3_Was denken Sie: Wie lässt sich Terror stoppen? (70)_29,0,0,0,3,4,0
VM3_Was denken Sie: Wie lässt sich Terror stoppen? (70)_30,0,0,1,2,2,1
VM3_Was denken Sie: Wie lässt sich Terror stoppen? (70)_31,0,0,0,0,1,0
VM3_Was denken Sie: Wie lässt sich Terror stoppen? (70)_32,0,0,1,2,4,1
VM3_Was denken Sie: Wie lässt sich Terror stoppen? (70)_33,0,0,0,2,4,0
VM3_Was denken Sie: Wie lässt sich Terror stoppen? (70)_34,0,1,1,3,2,1
VM3_Was denken Sie: Wie lässt sich Terror stoppen? (70)_35,0,0,1,2,2,0
VM3_Was denken Sie: Wie lässt sich Terror stoppen? (70)_36,0,0,1,2,2,1
VM3_Was denken Sie: Wie lässt sich Terror stoppen? (70)_37,0,0,0,0,1,0
VM3_Was denken Sie: Wie lässt sich Terror stoppen? (70)_38,0,0,1,2,2,1
VM3_Was denken Sie: Wie lässt sich Terror stoppen? (70)_39,0,0,0,2,3,0
VM3_Was denken Sie: Wie lässt sich Terror stoppen? (70)_40,0,0,0,2,2,0
VM3_Was denken Sie: Wie lässt sich Terror stoppen? (70)_41,0,0,1,3,2,1
VM3_Was denken Sie: Wie lässt sich Terror stoppen? (70)_42,0,0,1,2,2,1
VM3_Was denken Sie: Wie lässt sich Terror stoppen? (70)_43,0,0,0,1,2,0
VM3_Was denken Sie: Wie lässt sich Terror stoppen? (70)_44,0,0,1,2,1,1
VM3_Was denken Sie: Wie lässt sich Terror stoppen? (70)_45,0,0,1,3,2,1
VM3_Was denken Sie: Wie lässt sich Terror stoppen? (70)_46,0,0,0,1,1,0
VM3_Was denken Sie: Wie lässt sich Terror stoppen? (70)_47,0,1,1,2,3,0
VM3_Was denken Sie: Wie lässt sich Terror stoppen? (70)_48,0,0,1,2,2,1
VM3_Was denken Sie: Wie lässt sich Terror stoppen? (70)_49,0,0,0,2,2,0
VM3_Was denken Sie: Wie lässt sich Terror stoppen? (70)_50,0,1,1,3,2,1
VM3_Was denken Sie: Wie lässt sich Terror stoppen? (70)_51,0,1,1,2,2,1
VM3_Was denken Sie: Wie lässt sich Terror stoppen? (70)_52,0,0,0,0,2,0
VM3_Was denken Sie: Wie lässt sich Terror stoppen? (70)_53,0,0,1,2,2,1
VM3_Was denken Sie: Wie lässt sich Terror stoppen? (70)_54,0,0,0,1,4,0
VM3_Was denken Sie: Wie lässt sich Terror stoppen? (70)_55,0,0,1,2,2,1
VM3_Was denken Sie: Wie lässt sich Terror stoppen? (70)_56,1,1,0,2,2,0
VM3_Was denken Sie: Wie lässt sich Terror stoppen? (70)_57,0,0,1,2,2,0
VM3_Was denken Sie: Wie lässt sich Terror stoppen? (70)_58,0,0,0,2,2,0
VM3_Was denken Sie: Wie lässt sich Terror stoppen? (70)_59,0,0,1,2,2,1
VM3_Was denken Sie: Wie lässt sich Terror stoppen? (70)_60,0,0,1,2,4,1
VM3_Was denken Sie: Wie lässt sich Terror stoppen? (70)_61,0,0,0,1,2,0
VM3_Was denken Sie: Wie lässt sich Terror stoppen? (70)_62,0,0,1,3,3,1
VM3_Was denken Sie: Wie lässt sich Terror stoppen? (70)_63,0,0,0,1,4,0
VM3_Was denken Sie: Wie lässt sich Terror stoppen? (70)_64,0,0,0,2,1,0
VM3_Was denken Sie: Wie lässt sich Terror stoppen? (70)_65,0,0,1,2,2,1
VM3_Was denken Sie: Wie lässt sich Terror stoppen? (70)_66,0,1,1,2,2,1
VM3_Was denken Sie: Wie lässt sich Terror stoppen? (70)_67,0,0,1,2,1,0
VM3_Was denken Sie: Wie lässt sich Terror stoppen? (70)_68,0,0,0,2,2,0
VM3_Was denken Sie: Wie lässt sich Terror stoppen? (70)_69,0,0,0,3,1,0
VM3_Was denken Sie: Wie lässt sich Terror stoppen? (70)_70,0,0,1,3,2,1
VM3_Was sind Ihre persönlichen Erfahrungen mit Terror? (68)_7,1,1,0,2,4,0
VM3_Was sind Ihre persönlichen Erfahrungen mit Terror? (68)_8,1,1,0,1,3,0
VM3_Was sind Ihre persönlichen Erfahrungen mit Terror? (68)_9,1,0,0,0,1,0
VM3_Was sind Ihre persönlichen Erfahrungen mit Terror? (68)_10,1,0,1,2,2,0
VM3_Was sind Ihre persönlichen Erfahrungen mit Terror? (68)_11,0,0,1,2,2,1
VM3_Was sind Ihre persönlichen Erfahrungen mit Terror? (68)_12,1,0,0,0,4,0
VM3_Was sind Ihre persönlichen Erfahrungen mit Terror? (68)_13,0,0,0,1,2,0
VM3_Was sind Ihre persönlichen Erfahrungen mit Terror? (68)_14,1,1,0,1,1,0
VM3_Was sind Ihre persönlichen Erfahrungen mit Terror? (68)_15,1,1,0,0,3,0
VM3_Was sind Ihre persönlichen Erfahrungen mit Terror? (68)_16,1,0,0,0,4,0
VM3_Was sind Ihre persönlichen Erfahrungen mit Terror? (68)_17,1,1,0,1,2,0
VM3_Was sind Ihre persönlichen Erfahrungen mit Terror? (68)_18,1,0,0,1,4,0
VM3_Was sind Ihre persönlichen Erfahrungen mit Terror? (68)_19,1,1,0,1,3,0
VM3_Was sind Ihre persönlichen Erfahrungen mit Terror? (68)_20,1,1,0,1,3,0
VM3_Was sind Ihre persönlichen Erfahrungen mit Terror? (68)_21,1,1,0,1,2,0
VM3_Was sind Ihre persönlichen Erfahrungen mit Terror? (68)_22,1,0,0,1,1,0
VM3_Was sind Ihre persönlichen Erfahrungen mit Terror? (68)_23,1,1,0,2,3,0
VM3_Was sind Ihre persönlichen Erfahrungen mit Terror? (68)_24,1,1,0,0,1,0
VM3_Was sind Ihre persönlichen Erfahrungen mit Terror? (68)_25,0,1,0,1,2,0
VM3_Was sind Ihre persönlichen Erfahrungen mit Terror? (68)_26,1,1,0,1,2,0
VM3_Was sind Ihre persönlichen Erfahrungen mit Terror? (68)_27,1,0,0,2,1,0
VM3_Was sind Ihre persönlichen Erfahrungen mit Terror? (68)_28,1,0,0,1,2,0
VM3_Was sind Ihre persönlichen Erfahrungen mit Terror? (68)_29,1,1,0,1,1,0
VM3_Was sind Ihre persönlichen Erfahrungen mit Terror? (68)_30,1,1,0,0,1,0
VM3_Was sind Ihre persönlichen Erfahrungen mit Terror? (68)_31,1,1,0,1,2,0
VM3_Was sind Ihre persönlichen Erfahrungen mit Terror? (68)_32,1,1,0,0,2,0
VM3_Was sind Ihre persönlichen Erfahrungen mit Terror? (68)_33,1,1,0,1,4,0
VM3_Was sind Ihre persönlichen Erfahrungen mit Terror? (68)_34,1,1,0,2,1,0
VM3_Was sind Ihre persönlichen Erfahrungen mit Terror? (68)_35,1,1,0,1,3,0
VM3_Was sind Ihre persönlichen Erfahrungen mit Terror? (68)_36,1,1,0,0,4,0
VM3_Was sind Ihre persönlichen Erfahrungen mit Terror? (68)_37,1,0,0,0,1,0
VM3_Was sind Ihre persönlichen Erfahrungen mit Terror? (68)_38,1,1,0,1,1,0
VM3_Was sind Ihre persönlichen Erfahrungen mit Terror? (68)_39,1,0,0,1,1,0
VM3_Was sind Ihre persönlichen Erfahrungen mit Terror? (68)_40,1,1,0,1,3,0
VM3_Was sind Ihre persönlichen Erfahrungen mit Terror? (68)_41,1,1,1,2,3,1
VM3_Was sind Ihre persönlichen Erfahrungen mit Terror? (68)_42,1,0,0,2,4,0
VM3_Was sind Ihre persönlichen Erfahrungen mit Terror? (68)_43,0,0,0,0,4,0
VM3_Was sind Ihre persönlichen Erfahrungen mit Terror? (68)_44,0,0,1,2,2,1
VM3_Was sind Ihre persönlichen Erfahrungen mit Terror? (68)_45,1,1,0,1,2,0
VM3_Was sind Ihre persönlichen Erfahrungen mit Terror? (68)_46,1,1,0,1,4,0
VM3_Was sind Ihre persönlichen Erfahrungen mit Terror? (68)_47,0,1,0,1,1,0
VM3_Was sind Ihre persönlichen Erfahrungen mit Terror? (68)_48,1,1,0,2,3,0
VM3_Was sind Ihre persönlichen Erfahrungen mit Terror? (68)_49,0,1,1,2,3,1
VM3_Was sind Ihre persönlichen Erfahrungen mit Terror? (68)_50,1,0,0,1,2,0
VM3_Was sind Ihre persönlichen Erfahrungen mit Terror? (68)_51,1,1,0,1,1,0
VM3_Was sind Ihre persönlichen Erfahrungen mit Terror? (68)_52,0,1,0,2,2,0
VM3_Was sind Ihre persönlichen Erfahrungen mit Terror? (68)_53,1,1,0,1,1,0
VM3_Was sind Ihre persönlichen Erfahrungen mit Terror? (68)_54,1,0,0,0,1,0
VM3_Was sind Ihre persönlichen Erfahrungen mit Terror? (68)_55,1,1,1,2,2,1
VM3_Was sind Ihre persönlichen Erfahrungen mit Terror? (68)_56,0,0,1,1,2,0
VM3_Was sind Ihre persönlichen Erfahrungen mit Terror? (68)_57,1,1,0,1,3,0
VM3_Was sind Ihre persönlichen Erfahrungen mit Terror? (68)_58,1,1,0,3,3,0
VM3_Was sind Ihre persönlichen Erfahrungen mit Terror? (68)_59,0,0,0,1,1,0
VM3_Was sind Ihre persönlichen Erfahrungen mit Terror? (68)_60,0,0,0,0,1,0
VM3_Was sind Ihre persönlichen Erfahrungen mit Terror? (68)_61,0,0,0,1,4,0
VM3_Was sind Ihre persönlichen Erfahrungen mit Terror? (68)_62,1,0,0,2,2,0
VM3_Was sind Ihre persönlichen Erfahrungen mit Terror? (68)_63,0,0,0,0,4,0
VM3_Was sind Ihre persönlichen Erfahrungen mit Terror? (68)_64,1,1,0,2,2,0
VM3_Was sind Ihre persönlichen Erfahrungen mit Terror? (68)_65,0,1,1,2,2,1
VM3_Was sind Ihre persönlichen Erfahrungen mit Terror? (68)_66,1,1,0,1,3,0
VM3_Was sind Ihre persönlichen Erfahrungen mit Terror? (68)_67,1,1,0,1,3,0
VM3_Was sind Ihre persönlichen Erfahrungen mit Terror? (68)_68,1,1,0,2,3,0
VM3_Wie bewerten Sie den 9-Punkte-Plan insgesamt? (36)_2,0,0,1,2,2,0
VM3_Wie bewerten Sie den 9-Punkte-Plan insgesamt? (36)_3,0,0,0,0,4,0
VM3_Wie bewerten Sie den 9-Punkte-Plan insgesamt? (36)_4,0,0,0,0,4,0
VM3_Wie bewerten Sie den 9-Punkte-Plan insgesamt? (36)_5,0,0,0,0,2,0
VM3_Wie bewerten Sie den 9-Punkte-Plan insgesamt? (36)_6,0,0,1,1,2,0
VM3_Wie bewerten Sie den 9-Punkte-Plan insgesamt? (36)_7,0,0,0,0,2,0
VM3_Wie bewerten Sie den 9-Punkte-Plan insgesamt? (36)_8,0,0,0,0,2,0
VM3_Wie bewerten Sie den 9-Punkte-Plan insgesamt? (36)_9,0,0,0,0,2,0
VM3_Wie bewerten Sie den 9-Punkte-Plan insgesamt? (36)_10,0,0,0,0,1,0
VM3_Wie bewerten Sie den 9-Punkte-Plan insgesamt? (36)_11,0,0,1,3,2,1
VM3_Wie bewerten Sie den 9-Punkte-Plan insgesamt? (36)_12,0,0,0,0,2,0
VM3_Wie bewerten Sie den 9-Punkte-Plan insgesamt? (36)_13,0,0,0,0,2,0
VM3_Wie bewerten Sie den 9-Punkte-Plan insgesamt? (36)_14,0,1,1,1,2,1
VM3_Wie bewerten Sie den 9-Punkte-Plan insgesamt? (36)_15,0,0,0,0,3,0
VM3_Wie bewerten Sie den 9-Punkte-Plan insgesamt? (36)_16,0,0,0,0,1,0
VM3_Wie bewerten Sie den 9-Punkte-Plan insgesamt? (36)_17,0,0,1,2,2,0
VM3_Wie bewerten Sie den 9-Punkte-Plan insgesamt? (36)_18,0,0,0,0,2,0
VM3_Wie bewerten Sie den 9-Punkte-Plan insgesamt? (36)_19,1,1,1,3,2,1
VM3_Wie bewerten Sie den 9-Punkte-Plan insgesamt? (36)_20,0,0,1,2,2,0
VM3_Wie bewerten Sie den 9-Punkte-Plan insgesamt? (36)_21,0,0,0,0,1,0
VM3_Wie bewerten Sie den 9-Punkte-Plan insgesamt? (36)_22,0,0,0,0,3,0
VM3_Wie bewerten Sie den 9-Punkte-Plan insgesamt? (36)_23,0,0,1,2,2,0
VM3_Wie bewerten Sie den 9-Punkte-Plan insgesamt? (36)_24,0,0,0,0,1,0
VM3_Wie bewerten Sie den 9-Punkte-Plan insgesamt? (36)_25,0,0,0,1,4,0
VM3_Wie bewerten Sie den 9-Punkte-Plan insgesamt? (36)_26,0,0,1,1,2,1
VM3_Wie bewerten Sie den 9-Punkte-Plan insgesamt? (36)_27,0,0,0,0,3,0
VM3_Wie bewerten Sie den 9-Punkte-Plan insgesamt? (36)_28,0,0,0,0,3,0
VM3_Wie bewerten Sie den 9-Punkte-Plan insgesamt? (36)_29,0,0,0,0,3,0
VM3_Wie bewerten Sie den 9-Punkte-Plan insgesamt? (36)_30,0,0,0,0,2,0
VM3_Wie bewerten Sie den 9-Punkte-Plan insgesamt? (36)_31,0,0,0,0,2,0
VM3_Wie bewerten Sie den 9-Punkte-Plan insgesamt? (36)_32,0,0,1,1,2,0
VM3_Wie bewerten Sie den 9-Punkte-Plan insgesamt? (36)_33,0,0,0,1,3,0
VM3_Wie bewerten Sie den 9-Punkte-Plan insgesamt? (36)_34,0,0,0,0,1,0
VM3_Wie bewerten Sie den 9-Punkte-Plan insgesamt? (36)_35,0,0,0,0,2,0
VM3_Wie bewerten Sie den 9-Punkte-Plan insgesamt? (36)_36,0,0,0,0,4,0
VM3_Wie bewerten Sie den 9-Punkte-Plan insgesamt? (36)_37,0,0,1,1,2,0
VM3_Welche Schulnote würden Sie dem 9-Punkte-Plan geben? (26)_2,0,0,0,0,4,0
VM3_Welche Schulnote würden Sie dem 9-Punkte-Plan geben? (26)_3,0,0,0,0,4,0
VM3_Welche Schulnote würden Sie dem 9-Punkte-Plan geben? (26)_4,0,0,0,0,4,0
VM3_Welche Schulnote würden Sie dem 9-Punkte-Plan geben? (26)_5,0,0,0,0,1,0
VM3_Welche Schulnote würden Sie dem 9-Punkte-Plan geben? (26)_6,0,0,0,0,4,0
VM3_Welche Schulnote würden Sie dem 9-Punkte-Plan geben? (26)_7,0,0,0,0,4,0
VM3_Welche Schulnote würden Sie dem 9-Punkte-Plan geben? (26)_8,0,0,0,0,2,0
VM3_Welche Schulnote würden Sie dem 9-Punkte-Plan geben? (26)_9,0,0,0,0,4,0
VM3_Welche Schulnote würden Sie dem 9-Punkte-Plan geben? (26)_10,0,0,1,1,2,0
VM3_Welche Schulnote würden Sie dem 9-Punkte-Plan geben? (26)_11,0,0,0,1,3,0
VM3_Welche Schulnote würden Sie dem 9-Punkte-Plan geben? (26)_12,0,0,0,0,4,0
VM3_Welche Schulnote würden Sie dem 9-Punkte-Plan geben? (26)_13,0,0,1,1,2,0
VM3_Welche Schulnote würden Sie dem 9-Punkte-Plan geben? (26)_14,0,0,0,1,4,0
VM3_Welche Schulnote würden Sie dem 9-Punkte-Plan geben? (26)_15,1,0,1,1,2,0
VM3_Welche Schulnote würden Sie dem 9-Punkte-Plan geben? (26)_16,0,0,0,1,2,0
VM3_Welche Schulnote würden Sie dem 9-Punkte-Plan geben? (26)_17,0,0,0,0,2,0
VM3_Welche Schulnote würden Sie dem 9-Punkte-Plan geben? (26)_18,0,1,0,1,2,0
VM3_Welche Schulnote würden Sie dem 9-Punkte-Plan geben? (26)_19,0,0,0,0,2,0
VM3_Welche Schulnote würden Sie dem 9-Punkte-Plan geben? (26)_20,0,0,0,0,2,0
VM3_Welche Schulnote würden Sie dem 9-Punkte-Plan geben? (26)_21,0,0,0,1,2,0
VM3_Welche Schulnote würden Sie dem 9-Punkte-Plan geben? (26)_22,0,0,0,0,4,0
VM3_Welche Schulnote würden Sie dem 9-Punkte-Plan geben? (26)_23,0,0,0,0,2,0
VM3_Welche Schulnote würden Sie dem 9-Punkte-Plan geben? (26)_24,0,0,0,0,3,0
VM3_Welche Schulnote würden Sie dem 9-Punkte-Plan geben? (26)_25,0,0,0,0,2,0
VM3_Welche Schulnote würden Sie dem 9-Punkte-Plan geben? (26)_26,0,0,0,0,2,0
VM3_Welche Punkte würden Sie ergänzen? (48)_3,0,0,0,0,4,0
VM3_Welche Punkte würden Sie ergänzen? (48)_4,0,0,0,0,4,0
VM3_Welche Punkte würden Sie ergänzen? (48)_5,0,0,0,0,4,0
VM3_Welche Punkte würden Sie ergänzen? (48)_6,0,0,0,0,3,0
VM3_Welche Punkte würden Sie ergänzen? (48)_7,0,0,1,1,2,1
VM3_Welche Punkte würden Sie ergänzen? (48)_8,0,0,1,1,4,0
VM3_Welche Punkte würden Sie ergänzen? (48)_9,0,0,0,0,1,0
VM3_Welche Punkte würden Sie ergänzen? (48)_10,0,0,1,1,2,0
VM3_Welche Punkte würden Sie ergänzen? (48)_11,0,0,0,1,2,0
VM3_Welche Punkte würden Sie ergänzen? (48)_12,0,0,0,0,2,0
VM3_Welche Punkte würden Sie ergänzen? (48)_13,0,0,0,1,2,0
VM3_Welche Punkte würden Sie ergänzen? (48)_14,0,0,0,3,4,0
VM3_Welche Punkte würden Sie ergänzen? (48)_15,0,0,1,2,2,1
VM3_Welche Punkte würden Sie ergänzen? (48)_16,0,0,1,3,2,1
VM3_Welche Punkte würden Sie ergänzen? (48)_17,0,0,1,2,2,1
VM3_Welche Punkte würden Sie ergänzen? (48)_18,0,1,1,2,2,1
VM3_Welche Punkte würden Sie ergänzen? (48)_19,0,0,1,1,2,1
VM3_Welche Punkte würden Sie ergänzen? (48)_20,0,0,1,1,2,1
VM3_Welche Punkte würden Sie ergänzen? (48)_21,0,0,1,2,2,1
VM3_Welche Punkte würden Sie ergänzen? (48)_22,0,0,0,0,4,0
VM3_Welche Punkte würden Sie ergänzen? (48)_23,0,0,1,2,2,0
VM3_Welche Punkte würden Sie ergänzen? (48)_24,0,0,0,0,1,0
VM3_Welche Punkte würden Sie ergänzen? (48)_25,0,0,1,1,2,0
VM3_Welche Punkte würden Sie ergänzen? (48)_26,0,0,0,2,4,0
VM3_Welche Punkte würden Sie ergänzen? (48)_27,0,0,1,1,2,0
VM3_Welche Punkte würden Sie ergänzen? (48)_28,0,0,1,2,3,1
VM3_Welche Punkte würden Sie ergänzen? (48)_29,0,0,0,0,1,0
VM3_Welche Punkte würden Sie ergänzen? (48)_30,0,1,1,2,2,1
VM3_Welche Punkte würden Sie ergänzen? (48)_31,0,0,0,0,2,0
VM3_Welche Punkte würden Sie ergänzen? (48)_32,0,0,1,3,4,1
VM3_Welche Punkte würden Sie ergänzen? (48)_33,0,0,1,1,1,1
VM3_Welche Punkte würden Sie ergänzen? (48)_34,0,0,0,0,4,0
VM3_Welche Punkte würden Sie ergänzen? (48)_35,0,0,1,2,2,1
VM3_Welche Punkte würden Sie ergänzen? (48)_36,0,0,0,0,4,0
VM3_Welche Punkte würden Sie ergänzen? (48)_37,0,0,1,2,4,0
VM3_Welche Punkte würden Sie ergänzen? (48)_38,0,0,0,1,2,0
VM3_Welche Punkte würden Sie ergänzen? (48)_39,0,0,1,1,1,0
VM3_Welche Punkte würden Sie ergänzen? (48)_40,0,0,1,3,1,1
VM3_Welche Punkte würden Sie ergänzen? (48)_41,0,0,1,1,2,0
VM3_Welche Punkte würden Sie ergänzen? (48)_42,0,0,0,0,1,0
VM3_Welche Punkte würden Sie ergänzen? (48)_43,0,0,1,3,4,0
VM3_Welche Punkte würden Sie ergänzen? (48)_44,0,1,1,2,2,1
VM3_Welche Punkte würden Sie ergänzen? (48)_45,0,0,1,1,2,1
VM3_Welche Punkte würden Sie ergänzen? (48)_46,0,0,0,0,2,0
VM3_Welche Punkte würden Sie ergänzen? (48)_47,1,0,1,3,2,0
VM3_Welche Punkte würden Sie ergänzen? (48)_48,0,0,0,0,2,0
VM3_Worum geht es bei der Studie? (2)_2,0,0,0,0,4,0
VM3_Worum geht es bei der Studie? (2)_3,0,0,0,0,1,0
VM3_Wie wurde der 9-Punkte-Plan in den Medien bewertet? (3)_2,0,0,1,1,2,0
VM3_Wie wurde der 9-Punkte-Plan in den Medien bewertet? (3)_3,0,0,1,1,1,0
VM3_Welche Inhalte hat der 9-Punkte-Plan? (14)_2,0,0,0,1,3,0
VM3_Welche Inhalte hat der 9-Punkte-Plan? (14)_3,0,0,0,2,3,0
VM3_Welche Inhalte hat der 9-Punkte-Plan? (14)_4,0,0,0,0,1,0
VM3_Welche Inhalte hat der 9-Punkte-Plan? (14)_5,0,1,1,3,2,1
VM3_Welche Inhalte hat der 9-Punkte-Plan? (14)_6,0,0,0,0,1,0
VM3_Welche Inhalte hat der 9-Punkte-Plan? (14)_7,0,0,0,0,2,0
VM3_Welche Inhalte hat der 9-Punkte-Plan? (14)_8,0,0,1,2,2,1
VM3_Welche Inhalte hat der 9-Punkte-Plan? (14)_9,0,0,0,2,3,0
VM3_Welche Inhalte hat der 9-Punkte-Plan? (14)_10,0,0,1,2,2,1
VM3_Welche Inhalte hat der 9-Punkte-Plan? (14)_11,0,1,1,2,2,1
VM3_Welche Inhalte hat der 9-Punkte-Plan? (14)_12,0,0,0,0,3,0
VM3_Welche Inhalte hat der 9-Punkte-Plan? (14)_13,0,0,0,0,3,0
VM3_Welche Inhalte hat der 9-Punkte-Plan? (14)_14,0,0,1,1,2,0
VM3_Netiquette (2)_2,0,0,0,0,1,0
