id,vm,version,username,match_method
31,VM1,Control,Sternmarke,timestamp_exact
44,VM1,Control,07megane,timestamp_exact
49,VM1,Control,pokerwuerfel,timestamp_exact
64,VM1,Control,Zehle0,timestamp_exact
66,VM1,Control,MrRight,timestamp_exact
80,VM1,Control,Felix,timestamp_exact
82,VM1,Control,diglage,timestamp_exact
94,VM1,Control,Tyler,timestamp_exact
111,VM1,Control,koppiklaus,timestamp_exact
150,VM1,Control,Neuer78,timestamp_exact
152,VM1,Control,Maksimo,timestamp_exact
170,VM1,Control,blume,timestamp_exact
184,VM1,Control,Markus,timestamp_exact
185,VM1,Control,blitzsocke,timestamp_exact
188,VM1,Control,Siggi,timestamp_exact
210,VM1,Control,hotti,timestamp_exact
217,VM1,Control,gewe,timestamp_exact
245,VM1,Control,maxi,timestamp_exact
248,VM1,Control,volkibubi3,timestamp_exact
257,VM1,Control,matthias,timestamp_exact
290,VM1,Control,hermannschoepf,timestamp_exact
311,VM1,Control,Julia,timestamp_exact
320,VM1,Control,colbert,timestamp_exact
330,VM1,Control,lichtblick,timestamp_exact
331,VM1,Control,stauss,timestamp_exact
359,VM1,Control,merythor,timestamp_exact
371,VM1,Control,holzwurmpaul,timestamp_exact
400,VM1,Control,MontanaDO,timestamp_exact
444,VM1,Control,Redscarf79,timestamp_exact
468,VM1,Control,HubertK,timestamp_exact
472,VM1,Control,4711,timestamp_exact
487,VM1,Control,sandracb,timestamp_exact
510,VM1,Control,Linkeslieschen,timestamp_exact
513,VM1,Control,KAm,timestamp_exact
515,VM1,Control,kayguendel,timestamp_exact
559,VM1,Control,Muecke40,timestamp_exact
570,VM1,Control,Daggi,timestamp_exact
602,VM1,Control,lammar,timestamp_exact
651,VM1,Control,57271,timestamp_exact
673,VM1,Control,oldman100,timestamp_exact
681,VM1,Control,biggi,timestamp_exact
714,VM1,Control,Frieda,timestamp_exact
717,VM1,Control,flukas,timestamp_exact
733,VM1,Control,Tosca,timestamp_exact
741,VM1,Control,Ewald,timestamp_exact
772,VM1,Control,Gabriele,timestamp_exact
785,VM1,Control,yvi92,timestamp_exact
786,VM1,Control,Evelyn83,timestamp_exact
794,VM1,Control,galina,timestamp_exact
828,VM1,Control,KM93,timestamp_exact
833,VM1,Control,fritz1965,timestamp_exact
834,VM1,Control,Lucy,timestamp_exact
846,VM1,Control,wolf16,timestamp_exact
879,VM1,Control,realhumans,timestamp_exact
936,VM1,Control,anita,timestamp_exact
939,VM1,Control,Sinakue,timestamp_exact
967,VM1,Control,HRO7,timestamp_exact
968,VM1,Control,Maria25,timestamp_exact
986,VM1,Control,fmanu,timestamp_exact
992,VM1,Control,irina1maus,timestamp_exact
994,VM1,Control,Dorle,timestamp_exact
1009,VM1,Control,HG68,timestamp_exact
1030,VM1,Control,theo-karlsruhe,timestamp_exact
1035,VM1,Control,michgibtes,timestamp_exact
1045,VM1,Control,EmKay,timestamp_exact
1053,VM1,Control,Mewi,timestamp_exact
1057,VM1,Control,gfd,timestamp_exact
1058,VM1,Control,archeopt,timestamp_exact
1068,VM1,Control,OKluth,timestamp_exact
1088,VM1,Control,engelchengrit,timestamp_exact
1100,VM1,Control,User4991,timestamp_exact
1173,VM1,Control,fischi,timestamp_exact
1182,VM1,Control,renikellner,timestamp_exact
1183,VM1,Control,Steff,timestamp_exact
1223,VM1,Control,cappifreak,timestamp_exact
1251,VM1,Control,oma2007,timestamp_exact
1265,VM1,Control,Sanny,timestamp_exact
1305,VM1,Control,berna,timestamp_exact
1339,VM1,Control,Steffi84,timestamp_exact
1371,VM1,Control,Simon,timestamp_exact
1395,VM1,Control,thetiger,timestamp_exact
1400,VM1,Control,krid,timestamp_exact
27,VM1,Control,Terror,fingerprint_n_words
4,VM2,Like,Mo03,timestamp_exact
5,VM2,Like,Claus2608,timestamp_exact
8,VM2,Like,MaximusG,timestamp_exact
23,VM2,Like,frevo61,timestamp_exact
63,VM2,Like,mcpib,timestamp_exact
71,VM2,Like,buddel6,timestamp_exact
151,VM2,Like,Melinova,timestamp_exact
190,VM2,Like,Kay,timestamp_exact
197,VM2,Like,Johann13,timestamp_exact
221,VM2,Like,Thomas,timestamp_exact
230,VM2,Like,Heiko,timestamp_exact
262,VM2,Like,thr79,timestamp_exact
264,VM2,Like,Noodles,timestamp_exact
266,VM2,Like,schalkerin13,timestamp_exact
324,VM2,Like,Nachtsmond,timestamp_exact
357,VM2,Like,pfeile,timestamp_exact
370,VM2,Like,Volkerr,timestamp_exact
373,VM2,Like,Ampelmann,timestamp_exact
391,VM2,Like,Mannheimer,timestamp_exact
420,VM2,Like,KorakS,timestamp_exact
459,VM2,Like,bepa,timestamp_exact
475,VM2,Like,saschathurm,timestamp_exact
488,VM2,Like,HLW,timestamp_exact
494,VM2,Like,Lea,timestamp_exact
499,VM2,Like,Nicki,timestamp_exact
503,VM2,Like,leuchte475,timestamp_exact
507,VM2,Like,MarCos,timestamp_exact
508,VM2,Like,Snow,timestamp_exact
518,VM2,Like,dirgni,timestamp_exact
519,VM2,Like,Rob,timestamp_exact
536,VM2,Like,Galgoespaniol,timestamp_exact
543,VM2,Like,Emilybanjo,timestamp_exact
580,VM2,Like,Maxim,timestamp_exact
596,VM2,Like,Jakob,timestamp_exact
597,VM2,Like,Joern,timestamp_exact
612,VM2,Like,BlueBayou,timestamp_exact
635,VM2,Like,ole65,timestamp_exact
661,VM2,Like,mejupa,timestamp_exact
666,VM2,Like,Batschkapp,timestamp_exact
669,VM2,Like,Wildgans,timestamp_exact
691,VM2,Like,Kimi,timestamp_exact
698,VM2,Like,Angie0663,timestamp_exact
711,VM2,Like,Pirol01,timestamp_exact
726,VM2,Like,Rentnerin,timestamp_exact
755,VM2,Like,Zenpoetin,timestamp_exact
766,VM2,Like,Roland,timestamp_exact
767,VM2,Like,BlackJack,timestamp_exact
791,VM2,Like,optimist09,timestamp_exact
797,VM2,Like,Krumel,timestamp_exact
806,VM2,Like,nevada,timestamp_exact
824,VM2,Like,heideulm,timestamp_exact
840,VM2,Like,dallale,timestamp_exact
851,VM2,Like,Vicky,timestamp_exact
888,VM2,Like,Janne,timestamp_exact
897,VM2,Like,Cocos89,timestamp_exact
902,VM2,Like,Konstanze,timestamp_exact
932,VM2,Like,haralderasimy,timestamp_exact
954,VM2,Like,Matze,timestamp_exact
974,VM2,Like,M1991,timestamp_exact
1013,VM2,Like,Murmel21,timestamp_exact
1021,VM2,Like,Nin,timestamp_exact
1022,VM2,Like,Vanessa,timestamp_exact
1031,VM2,Like,suedhang,timestamp_exact
1037,VM2,Like,schwanenfamilie23,timestamp_exact
1052,VM2,Like,Angie65,timestamp_exact
1059,VM2,Like,Steve,timestamp_exact
1071,VM2,Like,Pabi,timestamp_exact
1075,VM2,Like,Estano,timestamp_exact
1110,VM2,Like,Friese,timestamp_exact
1115,VM2,Like,Franconia,timestamp_exact
1189,VM2,Like,Steffen,timestamp_exact
1205,VM2,Like,Krereg,timestamp_exact
1208,VM2,Like,LOTGER,timestamp_exact
1212,VM2,Like,humblebie,timestamp_exact
1216,VM2,Like,sylree,timestamp_exact
1225,VM2,Like,Coco,timestamp_exact
1231,VM2,Like,Kulturfrau,timestamp_exact
1252,VM2,Like,mrosengarth,timestamp_exact
1270,VM2,Like,Celina,timestamp_exact
1332,VM2,Like,ugo,timestamp_exact
1343,VM2,Like,Heidi3006,timestamp_exact
1356,VM2,Like,PTEulenspiegel,timestamp_exact
1384,VM2,Like,rumpelheinrich,timestamp_exact
336,VM2,Like,chrissi,fingerprint_n_words
520,VM2,Like,waldi,fingerprint_n_words
46,VM3,Like & dislike,Martin59,timestamp_exact
62,VM3,Like & dislike,eltipsi,timestamp_exact
76,VM3,Like & dislike,Blumenbaer,timestamp_exact
95,VM3,Like & dislike,Gleichklang,timestamp_exact
143,VM3,Like & dislike,Sindbad,timestamp_exact
146,VM3,Like & dislike,quappe76,timestamp_exact
182,VM3,Like & dislike,Nadin1979,timestamp_exact
186,VM3,Like & dislike,Graf23,timestamp_exact
206,VM3,Like & dislike,Gurkenkoenig,timestamp_exact
213,VM3,Like & dislike,Shampoo,timestamp_exact
233,VM3,Like & dislike,penderok,timestamp_exact
240,VM3,Like & dislike,123,timestamp_exact
273,VM3,Like & dislike,MackieMesser,timestamp_exact
275,VM3,Like & dislike,gayd2201,timestamp_exact
322,VM3,Like & dislike,Chyrus,timestamp_exact
327,VM3,Like & dislike,Tina2017,timestamp_exact
341,VM3,Like & dislike,WE40,timestamp_exact
351,VM3,Like & dislike,nemere,timestamp_exact
353,VM3,Like & dislike,teddy,timestamp_exact
354,VM3,Like & dislike,Snoopy,timestamp_exact
390,VM3,Like & dislike,ToWi,timestamp_exact
414,VM3,Like & dislike,Zaches,timestamp_exact
417,VM3,Like & dislike,Michel68,timestamp_exact
445,VM3,Like & dislike,Thommy63,timestamp_exact
457,VM3,Like & dislike,Babsi,timestamp_exact
469,VM3,Like & dislike,Schlumpfi,timestamp_exact
490,VM3,Like & dislike,Barbara,timestamp_exact
492,VM3,Like & dislike,hhoefle,timestamp_exact
524,VM3,Like & dislike,turtur,timestamp_exact
538,VM3,Like & dislike,sweetme,timestamp_exact
569,VM3,Like & dislike,lulu,timestamp_exact
575,VM3,Like & dislike,Istus,timestamp_exact
599,VM3,Like & dislike,DaniK,timestamp_exact
617,VM3,Like & dislike,Ketzerlehrling,timestamp_exact
638,VM3,Like & dislike,turm,timestamp_exact
667,VM3,Like & dislike,Lilly,timestamp_exact
678,VM3,Like & dislike,AnjaSn,timestamp_exact
696,VM3,Like & dislike,kaffeetante88,timestamp_exact
722,VM3,Like & dislike,BoyTrader,timestamp_exact
734,VM3,Like & dislike,mia,timestamp_exact
756,VM3,Like & dislike,diefcbande,timestamp_exact
765,VM3,Like & dislike,Vaenez,timestamp_exact
770,VM3,Like & dislike,scratchy,timestamp_exact
809,VM3,Like & dislike,Sonnenschein,timestamp_exact
855,VM3,Like & dislike,lisa5953,timestamp_exact
898,VM3,Like & dislike,meinemeinung,timestamp_exact
914,VM3,Like & dislike,ralf_md,timestamp_exact
919,VM3,Like & dislike,Fabienne3,timestamp_exact
929,VM3,Like & dislike,goertz,timestamp_exact
977,VM3,Like & dislike,HGM,timestamp_exact
1002,VM3,Like & dislike,Karin,timestamp_exact
1011,VM3,Like & dislike,Bozzgen,timestamp_exact
1028,VM3,Like & dislike,Hopi,timestamp_exact
1041,VM3,Like & dislike,Bea1,timestamp_exact
1077,VM3,Like & dislike,Bully,timestamp_exact
1127,VM3,Like & dislike,Engel,timestamp_exact
1139,VM3,Like & dislike,RamsesXII,timestamp_exact
1210,VM3,Like & dislike,candy76,timestamp_exact
1230,VM3,Like & dislike,tiki,timestamp_exact
1233,VM3,Like & dislike,Alex1,timestamp_exact
1271,VM3,Like & dislike,Aileen,timestamp_exact
1277,VM3,Like & dislike,LottaG,timestamp_exact
1309,VM3,Like & dislike,TINAZ,timestamp_exact
1322,VM3,Like & dislike,janterstege,timestamp_exact
1369,VM3,Like & dislike,eberhard,timestamp_exact
355,VM3,Like & dislike,999Everliving,fingerprint_n_words
1240,VM3,Like & dislike,cairomoon,timestamp_min_plus_n
